module	quality	questions	needs_owner	what	evidence	notes	n_tests	last_date	last_src	last_result	current
test_bp_app_native	REAL	BP,DUR,ARU	y	BP request->receiver Store->FNRJ receipt; kill after durable decision, restart replays without second acceptance	test_bp_app_native.py:396-412 counts (1,1,1) unchanged after kill+restart, inspect==exact article; :245-259 header-limit refusal leaves 1 record, (0,0,0)	last hbox 10-01 FAILED 4/8; :179-191 release-namespace EIO asserts exit UNCERTAIN then status=receipted	8	10-01 01:27	6462bd687	FAILED	
test_bp_contact_native	REAL	BP,ARU	n	bp-contact tick over an interrupted job: closed window writes nothing, open window retries, bad windows refused	:44-64 INTERRUPTED vs OK exits with FNBS record counts unchanged on closed window; :67-75 REFUSED/USAGE and no journal created	peer is AcceptThenClosePeer (an outage socket), not a stub of fn	2	09-27 04:50	708e4aac3	OK	
test_bp_contact_relay_native	REAL	BP,DUR	y	Two BP images through a byte-cutting relay: interrupted send, receiver restart, closed/open window, bundle expiry	:258-281 INTERRUPTED+reason=uncertain, closed window leaves receiver idle, open window BP accepted; :301-306 status=expired	'durable FNBS row' (:285-286) is only a non-empty glob, never reopened or byte-compared; delivered ADU never inspected at receiver	1	09-27 02:10	47ef5c33d	OK	
test_bp_fragment_node_native	REAL	BP,DUR,ARU	y	TCPCL fragment families across receiver SIGKILL/journal rotation reassemble once; 10 MiB ADU via 4 KiB fragments stored	:432 inspect stdout == authored article bytes; :223-226 exactly one family/handoff, articles=1; :471,:514 named profile refusals asserted EXIT.UNCERTAIN	Refusal-by-name coded as uncertain exit (ARU smell). Small-family cases count articles only, no bytes. Last hbox FAILED 6/8.	10	09-30 01:25	e739bc934	FAILED	
test_bp_node_native	REAL	BP,DUR,ARU	y	bp-node serve/dispatch: TCPCL contacts, held transit, kind-5..10 journal cuts, receipts releasing only matching obligation	test_bp_node_native.py:940-953 peer holds exactly one payload copy after kind-8 death; :1501 conflicting job exits UNCERTAIN; :831 exact lifecycle kind counts	40 tests, last hbox run filtered to 1; :1792 sender may be REFUSED or LOST; :1496 planted job exit unchecked	40	10-03 03:33	4e409a9d6	OK	run2:FAILED(35f 3e 40r 0s) run2:FAILED[NativeBpNodePeerResetTests](0f 1e 1r 0s)
test_bp_obligation_native	REAL	BP,ARU,DUR	y	bp-obligation undertake/request/recover: capacity and unsigned refusals write nothing; kill after durable attempt then fenced recovery; carry verbs	:163 journal records unchanged after three named refusals; :172 exactly one record added by recover; :176 second recover not-fenced	'admits and recovers forward pin' (:56) only re-reads status, no crash. Class at :13 is a source grep.	7	09-29 05:38	d0e175de3	OK	
test_bp_receive_integrity_native	REAL	BP,ARU,DUR	y	bp receive: wire evidence files, refusal without END ack, uncertain publication fences next session, restart numbering	test_bp_receive_integrity_native.py:109 EXIT.UNCERTAIN; :132-136 exact wire names and bytes after restart	fenced send only assertNotEqual(OK) :115; restarted exit OK or REFUSED :130	4	09-29 10:22	d9b23d086	OK	smoke:FAILED(4f 0e 4r 0s)
test_bp_service_native	REAL	BP,ARU,DUR	y	bp-service run/resume against an outage peer: exit classes, lifecycle record counts, duplicate/conflict enqueue, injected publication faults, TCPCL v3 refusal	:72-84 duplicate keeps frontier bytes, changed ADU refused enqueue-conflict; :162-167 corrupt clock-domain exits 3 with records byte-unchanged; :385 exact v3 reply octets	Long-running tcpcl listen / bp receive in 3 tests. Duplicate/conflict is BP enqueue, not a post path. Record counts 3/5 are literals	19	10-01 01:27	6462bd687	OK	run2:FAILED(14f 1e 19r 0s)
test_native_accept_maintenance	WEAK	BND,OPS	y	SIGTERM while the disk is stalled and a POST waits on its barrier: the drain line appears within 6 s	:66 asserts the drain line in stderr. The POST's answer dict (:43-51) is never checked, and :73 owner.wait() checks no exit code	The docstring says "owner answers the POST and exits cleanly", but neither is asserted. Never run on hbox	1	NEVER			run2:OK(1r 0s)
test_native_account_adoption_transport	MOCK	SRCONLY	n	Account-adoption control transport on extracted host forms against stub fnn-core/scheduler; return effects and parked continuation rebind	:41-96 stub fnn-core/callbacks; :278 sha256-pins a frozen owner fixture (tests/fixtures/account-control-turn-2a5b8df51.lisp), not live source	It targets parked code (F06). Pytest functions are rewrapped as unittest (:613). Never run on hbox	7	NEVER			
test_native_admin	WEAK	OPS,ARU,SRCONLY	y	operator group/peer/policy/capacity publish config generations offline and live; injected uncertain publication fences; admin.lisp section-structure greps	:117-122 'running owner applies path-identity' asserts only generation=2, never the identity; :194-196 race accepts exit 0 or 1; :295 client exit only !=0	Native class gated on pinned launcher/core SHA env (:40-45). Docstring :285 says the boundary class has never run	17	10-01 01:27	6462bd687	OK	run2:OK(17r 0s)
test_native_admin_cleanup	MOCK	OPS	n	fnn-admin-query/execute extracted from admin.lisp; open/body/close faults keep the primary failure and close once	native_admin_cleanup_raw-mock.lisp:22-36 stubs fnn-open-live-store, fnn-store-close, fnn-core-state; the test only greps the '(11 paths)' line :14	Unwind-cleanup only, no image. Never run on hbox	1	NEVER			
test_native_agent_wait	REAL	CUR,LAT,DUR	y	consumer bound-wait wakes within 5 s on its own group's post; 12-waiter cap; cursors survive restart; fn_agent exchange	:216-219 bob wakes with the exact tag while alice sleeps on; :249 13th waiter exit 1; :261-265 acked not redelivered, unacked redelivered after restart	Source class :56-68 is a grep. Last hbox run 09-27	2	09-27 21:00	b210f6450	OK	smoke:FAILED(2f 0e 2r 0s)
test_native_app_journal	REAL	ARU,DUR	n	FNWF workflow CLI: capacity/profile refusals write nothing, EIO/fence cuts give exit 3 uncertain, status after	:263-281 namespace EIO exit 3 'publication is uncertain', 2 records visible, status=absent, retry refused; :96-99 refusal leaves record bytes identical	'survives process restart' (:77) is just a second CLI process, no kill; raw exit codes 1/3; hbox ran 10 of 12	12	09-29 01:22	1922efe84	OK	run2:FAILED(2f 0e 12r 0s)
test_native_article_slots	REAL	MEM,BND,PEER	y	Concurrent max-size POSTs hold all article slots; extras 440 by name; one-read TAKETHIS past slots 400+close	:148 extras == exact MEMORY_440; :219-220 TAKETHIS answered MEMORY_400 then EOF; :169 transactions-used == slots+extra	SLOTS_4MIB=7, SLOTS_1MIB=30 (:64,:66) hand-pinned, not read from image; :220 message says 'stays open' but asserts closed	3	09-29 07:30	33bb1ada7	OK	
test_native_article_subject	REAL	PEER	y	Two nodes receive IHAVE variants differing in Path/Xref; the log gives an equal article-subject and different bytes-subject	:63-64 assertEqual on subjects and assertNotEqual on commitments, read from the service-log transit line	Reads the owner log, not a served header. Never run on hbox	1	NEVER			
test_native_auth	REAL	AUTH,RDR	y	AUTHINFO gating, 3x481 then 400+EOF on pipelined guesses, gated POST stores nothing, live principal rebind	:100 replies == [381,481]*3+[400]; :158-160 refused Message-ID absent from store, logged-in post present; :270-274 rebind 240 vs 441 not bound	rebind test needs OpenSSL ML-DSA-65, unguarded (fails, not skips); hbox 10-04 FAILED 1/7	7	10-04 14:29	d5b0b9100	FAILED	core:FAILED(1f 0e 7r 0s)
test_native_auth_admin_fidelity	REAL	DUR,ARU,AUTH	n	credential publish with injected post-rename EIO answers :uncertain; SIGKILL after rename; fresh process recovers and lists credential	:79 outcome must be eq :uncertain; :165 rc -9 kill; :99-104 recovered registry lists native-reader	Real ACL2 + raw source, not the saved image. Recovery checks name present, not exact bytes. :119 is SRC.	3	09-28 00:33	ea2cc5121	OK	
test_native_auth_lock	MOCK	AUTH,SRCONLY	n	sbcl script over AUTHINFO lock classification with fnn-open/fnn-flock replaced by fixtures	test_native_auth_lock.py:14 asserts a PASS line; native_auth_lock_raw-mock.lisp:45-66 stubs fnn-open/fnn-fstat/fnn-flock/fnn-close	never run on hbox; physical lock seam is the stub	1	NEVER			
test_native_block_fault_ownership	MOCK	SRCONLY	n	the retired block-fault campaign refuses every scenario; pidfd/proc-identity ownership helpers unit-tested with mocks	:24-32 every scenario raises Retired before any device; :69-75 pidfd_open, pidfd_send_signal, read_proc_identity are patched	Zero DUR evidence: the block-device durability campaign is retired and this only certifies that. Never run	7	NEVER			
test_native_bounds_blob	REAL	BND,ARU	y	operator post over control socket: 131073/290000 accepted and re-read; A+1 refused by name; A+64MiB refused, not uncertain	:58-60 exit 1 with ARTICLE-EXCEEDS-PROFILE-BOUND; :80-81 64 MiB-overbound exit 1 (not 3) and transactions-used 0	Re-read checks the stored suffix only (owner prepends headers)	2	09-29 06:42	1ece01a9e	OK	
test_native_bounds_join	REAL	BND,MEM,RDR	y	Large articles (33K-10MiB) post and reread; 441 one octet past bound; multi-MiB ARTICLE/OVER keep owner alive; mutex alloc bound	:114 exact OVERSIZE 441 at MIB4+1; :165 OVER lines == 3+2000; :273 largest mutex hold < 16x article	'reread identical' (:87,:101) checks only body endswith, not stored headers; span-reference test opt-in FN_SPAN_REFERENCE_HOST	5	10-03 03:11	acd6f1ce9	FAILED	
test_native_scaling	REAL	BND,LAT	y	ARTICLE of 64 KiB and 512 KiB on a live owner; fails when t(8N)/t(N) > 10	test_native_scaling.py: asserts the served length exceeds 8N and the time ratio	Timing gate; the first ARTICLE of each size is timed, so a noisy box can only raise the ratio	1	NEVER			
test_native_bp_app_clock	MOCK	BP	n	BP submit dispatcher with a stale or unusable owner clock; event order observe/stamp/submit	native_bp_app_clock_raw-mock.lisp:45-51 stubs fnn-owner-action to answer :accepted/:ready. The Python side only checks exit 0 and the PASS string (:20-23)	It fakes owner answers but has no -mock suffix. Last hbox run FAILED	1	09-27 18:08	?	FAILED	
test_native_bp_app_tally	MOCK	BP,ARU	n	fnn-bpapp-deliver tally counts busy/clock-unusable as deferred, not refused; the summary line	native_bp_app_tally-mock.lisp:38-56 fnn-owner-action, fnn-bpapp-accept-locked, fnn-quantum-bp, fnn-core are stubs; asserts :67-79	Fixture header says 'source-level witness and no native claim'. Never run	1	NEVER			
test_native_bp_carry_abandon	REAL	BP,OPS,DUR	n	operator carry drop --abandon releases Store pin once; refusals by name write nothing; kill-cut waiver completed once on next writable open	:92,:104 carry records byte-identical after refusals; :116 two records after cut; :122,:128 recovered exactly once	Kill cut asserts only rc != OK (:114), not death by signal.	3	09-29 09:40	9e7f2147a	OK	
test_native_bp_channel_admission	MOCK	BP,SRCONLY	n	sbcl script: TCPCL EID admission with fnn-core/fnn-owner-core replaced	test_native_bp_channel_admission.py:23 PASS line only; native_bp_channel_admission_raw-mock.lisp:13,20 redefine fnn-core and fnn-owner-core	the ACL2 ingress decision itself is stubbed	1	09-26 23:40	dad31c1ad	OK	
test_native_bp_heap_source	MOCK	BP,SRCONLY	n	SBCL script evals real fnn-heap-command-profile over BP argv with stubbed store/peer profile	tests/native_bp_heap_source.lisp:37-47 redefines fnn-core/fnn-heap-store-profile/fnn-peer-flight-profile; py :16 checks only the PASS line	never run on hbox; passes locally (SBCL 2.6.8)	1	NEVER			
test_native_bp_node_admission_lock	MOCK	BP,SRCONLY	n	SBCL script: shipped BP entry with stubbed owner core; trust revoked between preflight and lock refuses both classes	:18 runs native_bp_node_admission_lock_raw-mock.lisp (fnn-owner-core returns 'principal=stub'); :23 asserts PASS marker only	Python checks a marker; discrimination lives in lisp. Last hbox FAILED.	1	09-27 18:08	?	FAILED	
test_native_bp_open_custody	MOCK	BP,SRCONLY	n	Real fnn-bps-open/cleanup macro with injected physical/model seams counting releases	native_bp_open_custody_raw-mock.lisp:77-167 evals real defs over injected seams; py :13-15 PASS strings only	never on hbox; passes locally; relative script path with no cwd (:11) depends on caller cwd	1	NEVER			
test_native_bp_owner_startup_source	MOCK	BP,SRCONLY	n	Real BP listener startup/teardown helpers with physical constructors recorded	native_bp_owner_startup_source-mock.lisp header 'Physical constructors are recorded'; py :16 PASS string only	never on hbox; locally SBCL reports 'caught 1 ERROR condition' at load yet prints PASS	1	NEVER			
test_native_bp_prefix_probe_source	MOCK	BP,BND	n	Real cbor/bp decoder forms evaluated in SBCL; results agree and a 65540-cell suffix scan becomes 4 prefix visits	native_bp_prefix_probe_source.lisp:5-31 shims ACL2 primitives and wraps fn-cbor-at-leastp with a counter; asserts old=65540 new=4	Source-extracted, no image. Python checks only exit and a PASS line. Never run	1	NEVER			
test_native_bp_profile	MOCK	BP,SRCONLY	n	sbcl script: BP profile grammar parser with developer-selector and fnn-err stubbed	test_native_bp_profile.py:22 PASS line; native_bp_profile_raw.lisp:13-17 stub fnn-developer-selector/fnn-err	light stub, parser real; never run on hbox	1	NEVER			
test_native_bp_resume	MOCK	BP,SRCONLY	n	budget-file fault releases acquired BP service via actual fnn-unwind-cleanups macro	native_bp_resume_raw-mock.lisp stubs fnn-bps-open/release/drive; only the cleanup macro is real; :14 marker only	Never run on hbox.	1	NEVER			
test_native_bp_send_boundary	MOCK	ARU,BP,SRCONLY	n	Real BP send/fragment outcome classification with scripted connect/session/core answers	native_bp_send_boundary_raw-mock.lisp:40-78 scripted fnn-core/fnn-tcl-connect/fnn-tcl-session; real fn-bpfs-fragment-outcome; py :19	no SBCL skip guard; 8 tests never on hbox; all modes pass locally	8	NEVER			run2:OK(8r 0s)
test_native_bp_transit_identity	MOCK	BP	n	fnn-owner-complete-bp-transit-submission call order; an identity mismatch faults before the intent is written	native_bp_transit_identity_raw.lisp:116-127 call order over recorded seams; the test only greps the pass line :19	Last hbox run 09-27 FAILED and has not been rerun since	1	09-27 18:08	?	FAILED	
test_native_bpapp_acquisition	MOCK	BP,SRCONLY	n	Real fnn-bpapp-open-journal closes acquisition on each failure path; every effect injected	native_bpapp_acquisition_raw-mock.lisp:16-42 stubs fnn-app-open/fnn-owner-action/fnn-receipt-initialize; :63-70 close counts	named _raw (no -mock) yet stubs every effect; cwd-dependent path; never on hbox	1	NEVER			
test_native_build_scripts	SRC	SRCONLY,OPS	n	regex/substring checks over build.lisp, io.lisp, tls.lisp, anchor.lisp, operator.lisp; two raw SBCL syscall-fault fixtures	:47-48 exact source form counted ==1; :73 '(list 0)' present in fnn-tls-leaf-facts; :107,:119 run real fault fixtures	Mostly guards that dead code stays deleted. Only the two fixtures execute anything	13	10-04 12:40	fe7ef2807	OK	run2:OK(13r 0s)
test_native_capacity_vector	REAL	CKPT,DUR,BP	y	fill to 441, BP obligation undertake/discharge, retention, compact/reclaim killed at every log cut, reuse POST 240	test_native_capacity_vector.py:188 export archive equals clean run after each cut; :250 441; :196-198 unreached cut counted as failure	reclaim footprint shrink never asserted (:303-306 logged); dry-run exit unchecked :285; last hbox FAILED 10-01	1	10-01 01:27	6462bd687	FAILED	
test_native_catchup_spool_source	MOCK	PEER,SRCONLY	n	sbcl script loads host catchup-spool source over real posix fs; worker-perform swapped for a blocking fixture	test_native_catchup_spool_source.py:12 PASS line; native_catchup_spool_source.lisp:77-82 replaces fnn-csp-worker-perform	docstring disclaims funding/saved-image claim; never run	1	NEVER			
test_native_checkpoint	REAL	CKPT,OPS	y	operator store compact keeps export bytes, served view, next number; retired checkpoint verbs refuse by name	:402-407 compact report + export archive tree == history; :408 served view equal and next POST takes high+1	2 of 4 tests opt-in FN_RUN_NATIVE_CLONE (linux only); retired-verbs test is refusal-only	4	10-02 00:57	ad5de4c94	OK	run2:OK(2r 2s)
test_native_checkpoint_auto	REAL	CKPT,DUR,ARU	y	owner auto-checkpoint at K/2: file octets, reopen equals full replay, budget deferral, kills at batch/rotation cuts, extent close EIO	:264 checkpoint-open state == full-replay state; :272 offline republish digest identical; :600 EXIT_UNCERTAIN on close fault	'loses nothing acknowledged' (:489) checks inspect rc only, not bytes (:518-520). :58 is a large source grep. Last FAILED.	12	10-03 03:33	4e409a9d6	FAILED	run2:FAILED(1f 0e 12r 0s)
test_native_checkpoint_image_readback	MOCK	CKPT,SRCONLY	n	sbcl script: staged checkpoint image readback modes good/page/zero-page/header/raw-exit/deferred/stop	test_native_checkpoint_image_readback.py:25 PASS line per mode; docstring :1 recorded snapshot/frame seams; *_raw-mock.lisp	never run on hbox	1	NEVER			
test_native_cold_line_deadline	REAL	BND,LAT,RDR	y	HDR/XHDR/XPAT/NEWNEWS over 40 articles answered within 30 s, complete or 403; a concurrent reader is served	:90-93 status in {221,225,230,403} within 30 s, full row count unless 403; :99 every other-reader GROUP <10 s	A 403 passes (the documented bridge, not the fix). Never run on hbox	1	NEVER			run2:FAILED(0f 1e 1r 0s)
test_native_cold_line_quanta	REAL	LAT,BND,RDR	y	HDR/XHDR/XPAT/NEWNEWS over 40 cold articles answer fully within 20s while another reader stays <10s	:93-95 status==expected and rows==N and seconds<LINE_SECONDS and DATE 111; :104 every other-reader wait <10s	rows counted, row content never checked; last hbox 10-04 FAILED (red-before lane)	1	10-04 03:24	dbf62fe95	FAILED	run2:FAILED(0f 1e 1r 0s)
test_native_cold_off_loop	REAL	LAT,BND	y	Stalled cold pread for one ARTICLE; 8 other connections get greeting+DATE <1.5s; released read 220/403	:65 all waits < OTHER_SECONDS; :69 released answer in (220,403)	never run on hbox; :64 accepts asker already answered, so the read being still owed is not required	1	NEVER			
test_native_commit_log	REAL	DUR,FSYNC,IDEM	y	Concurrent POSTs batch through record log; kill at each POST_LOG cut; segment growth deaths keep acked posts	:210-228 no 240 before death, candidate present/absent per cut, repost 441/240; :281-284 every acked post served after kill	docstring promises compact/reclaim 'refusals by name' but :363-375 only asserts exit 0; durability by body substring (:222,:284); stale 503 comment :173-176	7	09-29 09:46	a0b2b4afc	OK	smoke:FAILED(1f 2e 8r 0s)
test_native_compress	REAL	RDR,AUTH	y	RFC 8054 COMPRESS DEFLATE: 480 before auth, 206 after, withdrawn labels, a 400-line compressed POST read back, bomb and malformed refused	:152 counts exactly 400 body lines through the inflater; :201/:212 wait for log markers compress-bomb/compress-malformed	run --once. The bomb case asserts only a close plus a log marker, not a reply code	4	10-01 01:27	6462bd687	OK	
test_native_compression	REAL	DUR,RDR,PEER	y	compressed log records read back equal to plain twin; recover twice; torn tail; mid-log damage refused; XFN-ZARTICLE blocks	:136 every article == plain twin; :217 torn tail recovers ARTICLES-1 at exact offset; :236 reason=log-damaged at=offset	Oracle is a twin from the same image (differential). BASELINE_1_ID :34 cited to book.	10	10-01 01:27	6462bd687	OK	run2:FAILED(0f 1e 0r 0s)
test_native_conformance	REAL	ARU,IDEM,RDR	y	V0 matrix: init/reinit, crosspost dedupe, 0/1/3 outcomes, reader profile codes, CAPABILITIES parity, AUTHINFO, IHAVE/CHECK/TAKETHIS dup	:153-155 identical repost exit 0 vs changed exit 1; :279-280 441 already stored; :444-453 exact 238/239/438/439 lines	test_reader_profile (:298-310) checks only 3-digit codes, no bodies. The uncertain arm skips without the developer image	15	10-01 01:27	6462bd687	OK	smoke:OK(15r 0s)
test_native_consumer_e2	OPTIN	CUR,ARU,DUR	y	consumer register/position/ack/status/poll; a lost register/ack reply exits 3 and resolves on the reopened position	:29 skipped unless FN_RUN_CONSUMER_E2E=1; :66 lost reply exit 3; :251-252 re-register after replay is idempotent	REAL when enabled. Never executed on hbox (09-29: 5/5 skipped). The poll case needs a second flag :259	5	09-29 01:22	1922efe84	SKIPPED	
test_native_consumer_exchange	OPTIN	CUR,ARU,IDEM	y	Two fn_consumer agents through six ownership cuts; positions, uncertain ack/post settled by store observation, conflict claims, wait/ack	:315-317 uncertain ack while the owner position is >0; :338-341 resend settles stored; :410-421 uncertain never recorded refused	REAL under FN_RUN_CONSUMER_EXCHANGE. The "answers duplicate" tests (:689, :707) assert only exit 0 and cannot tell a duplicate from a fresh accept. hbox ran 1 of 11	11	10-04 03:29	76527d923	OK	run2:FAILED(8f 0e 11r 0s)
test_native_consumer_exchange_two_nodes	OPTIN	CUR,IDEM,PEER	y	Two nodes, Python consumers exchange signed R/Q over NNTP and BP with six crash cuts and restart mid-poll	:410-450 cuts: exit 97/3, positions unmoved, Q stored attempts=2; :487-492 per-hop source/signature sha equality; :398-404 same page, idempotent ack	REAL inside; FN_RUN_CONSUMER_EXCHANGE; :448-449 accepts post-answer OR store-observation, so docstring 'resend answered duplicate' not required	3	09-27 18:08	?	OK	run2:FAILED(3f 0e 3r 0s)
test_native_consumer_identity	REAL	CUR,AUTH	y	account-bound consumers: wrong password/plain poll refused; cursor kept across restart; widened rule resumes without skipping	:214-226 exact drained tag sequences after restart; :198-202 refusals exit 1	Refusals checked as exit 1 only, no reason. Needs both images. Last FAILED.	2	09-27 09:19	?	FAILED	
test_native_consumer_inspect	OPTIN	CUR	n	consumer-inspect decodes .fncu fixtures exactly; truncated/trailing/version/oversize refused by word	:37-43 exact full inspect line for max cursor; :69-72 exact refusal words grammar/version; :80 limit	REAL when on; FN_RUN_CONSUMER_INSPECT; offline decoder only, no owner; never run on hbox	4	NEVER			
test_native_consumer_project_bounds	OPTIN	CUR,BND	n	consumer-project refuses cursor/event one octet over image-reported bound; within-bound malformed -> codec refusal	test_native_consumer_project_bounds.py:60-62 exit 1 and exact 'refused-v1 limit' at bound+1; bounds asked of image :29-37	REAL when FN_RUN_CONSUMER_PROJECT_BOUNDS=1	2	09-27 18:35	8d84c7e66	OK	
test_native_control	REAL	ARU,OPS,IDEM	y	operator post via control socket: lost reply uncertain, SIGTERM cleanup, duplicate resend, refusal reasons, worker ceiling, frame deadline	test_native_control.py:430-436 exit 3 'uncertain operator post' and article stored; :387 resend answered DUPLICATE	5/19 are SRC pins (:97-161); no changed-bytes conflict case; 'busy' substring only :629; hbox FAILED 2 on 10-01	19	10-01 01:27	6462bd687	FAILED	
test_native_control_across_peers	OPTIN	PEER,OPS,DUR	y	3 nodes: cancel/target arrival order x grant scope x SIGKILL; visible answer order-independent, survives revoke+replay	:311-322 every relay 335/235, answer 430 iff decision withdraws, replay after revoke+SIGKILL equal; :328-334 tc==ct answers	REAL; module skipped without OpenSSL ML-DSA-65; hbox last ran 1 of 4; :392 GROUP computed, never asserted	4	09-29 06:42	1ece01a9e	OK	
test_native_control_authority	REAL	OPS,AUTH,ARU	y	Live control grant/revoke, four refusals by name, durable list after restart, second revoke refused	:63-64 and :76 exact control list after restart; :50-57 refused by named reason	It inherits the live-reconfig fixture and nulls the inherited tests (:79-81). Never run on hbox	1	NEVER			
test_native_control_evidence	REAL	OPS,DUR,AUTH	y	a signed cancel withdraws its target; control log/evidence lines live equal the offline replay's	:102-114 exact withdrawal, evidence and withdrawn-by lines; :125-127 offline words == live words	Needs ML-DSA-65 openssl but has no opt-in gate	1	10-01 01:27	6462bd687	OK	
test_native_control_filing	REAL	ARU,PEER,DUR	y	control article filed only in control.<verb>; POST 441 / IHAVE 437 control-not-filed; signed withdrawal; two-node withdrawal with a kill	:192-195 exact 437 refusal line; :413-414 '423 withdrawn'/'430 withdrawn'; :598-600 restart verdict map across two nodes	Signed-withdrawal test :286 needs ML-DSA-65 but lacks the FN_RUN_HYBRID_E2E gate its siblings have (:206,:420)	5	09-29 07:30	33bb1ada7	OK	
test_native_control_reply_fit	REAL	OPS,SRCONLY	y	init refuses max-record-octets past poll-reply ceiling by name and writes no config; ceiling init serves a POST	:83-86 EXIT_REFUSED + reason name + no config.json; :90 profile line == CEILING	Source test :38 greps literals. CEILING :33 is a derived constant, documented.	2	09-28 19:26	abdc0db4c	OK	
test_native_crash_correspondence	SRC	SRCONLY,DUR	n	Checks the textual order of persistence calls (advance, publish, finish, recovery barrier) in the host Lisp	:27-29 assert_ordered compares string indices of calls in function bodies	The docstring is honest ("source transcription check"). Nothing in it is a crash	8	09-29 01:22	1922efe84	OK	
test_native_crash_model	REAL	DUR,ARU	n	Store CLI killed at POST_LOG and recovery cuts; image's log scan is old-or-new; injected EIO outcomes stay uncertain	:156-170 kill rc -9, recovery cuts keep history, prior inspect bytes exact; :185-201 postpublish must be 'present'	3 fault-surface tests are SRC (pass locally); runtime class defined only with FN_NATIVE_CRASH_HOST; post-log verdict delegated to tools/resilience adapter (:106)	6	10-04 14:29	d5b0b9100	OK	core:OK(6r 0s) smoke:OK(6r 0s)
test_native_credits	REAL	MEM,BND	y	memory credit: in-flight batch keeps credit after poster hangs up (next POST 440); 12 posters + 4 readers never fault	:118 reply == MEMORY_440 exactly; :182 all 240; :137 transactions-used count	Docstring 'A's article is durable' checked only by a count (:137), no reopen or bytes. Reader accepts any 2xx/4xx (:80).	2	09-29 07:30	33bb1ada7	OK	
test_native_cut_map	SRC	SRCONLY,DUR	n	native cut declarations in host io.lisp vs the model programs in books; segment cut inventory and outcomes	:11 verify_log_cut_inventory()==(13,7) literal counts; campaign/native_cuts.py:213-252 reads source text only	Nothing is killed. The 13/7 counts are pinned tripwires (also program_check:352)	6	09-29 07:30	33bb1ada7	OK	
test_native_decoded_custody	REAL	BND,DUR,LAT	y	held decoded read: competing POST answered, cancel/return/physical/release in order, reopen serves identical bytes	:91-93 event order; :102-103 post-reopen ARTICLE == pre-hold bytes; :80 POST < 30 s	30 s bound is loose for 'not blocked'. Never run on hbox.	1	NEVER			
test_native_digest	REAL	-	n	Native BLAKE3 against the ACL2 reference (developer verb) and the production blake3 verb against pure-Python BLAKE3	:89-90 production digest equals blake3_ref at chunk-edge sizes; :64 agree count equals inputs	No vocabulary code fits (crypto). test_bench_reports_both (:73) only checks ":native" is present	4	09-28 16:25	152da1f35	OK	
test_native_entry_guard	REAL	OPS	n	Saved core evaluates fnn-core calls with handle/vector/wrong-arity args; named host-entry-guard fault	:88-92 exact GUARD text for handle where octets meant; :99-102 exact arity text; :110-113 position named	vocab fit poor (host->ACL2 type guard); runs forms in saved core, not a served path	5	09-28 16:25	152da1f35	OK	run2:FAILED(1f 0e 5r 0s)
test_native_expiry	REAL	CKPT,DUR,ARU	y	retention policy plus store reclaim offline/live; reclaimed vs absent codes; kill at checkpoint/pass cuts, then --recorded completes	:135-144 '430 article reclaimed' vs '430 no article', exact '211 3 3 5'; :386-390 deferred reason=delta, nothing installed; :424-427 old/new by cut	Re-offer of an expired id only asserts not-240 :151. :429 accepts OK or REFUSED. Last hbox run 10-04 FAILED	8	10-04 04:27	73d260faf	FAILED	run2:OK[ProductionExpiryTests.test_expires_is_honoured_and_expired_stays_distinct](1r 0s)
test_native_extent_identity	REAL	DUR,ARU	y	Substituted log entries (swap, foreign store, wrong trailer, damaged prefix) are refused by name; a cached read is served under its identity	:162-167 owner exits FAULT, the fault line names arena-extent-trailer/digest, and "outcome uncertain" is absent	One source-grep test (:73-103). The production subclass reruns every case (10 ran)	7	10-01 01:27	6462bd687	OK	
test_native_feed_credential	MOCK	AUTH,PEER,SRCONLY	n	sbcl -mock script: feed credential file FIFO/symlink/mode/size admission and fault propagation	test_native_feed_credential.py:26-33 passes if a named marker is absent and any 'CREDENTIAL_' text present; *_raw-mock.lisp	test_valid_acl2_profile_admits_push_and_pull asserts only that substring (:69); never run	6	NEVER			run2:OK(6r 0s)
test_native_feed_fair_round	MOCK	BND,PEER,SRCONLY	n	actual feed-service push adapter over kernel sockets: blocked write/TCP/TLS pending yields to a healthy peer	fixture loads host/native/feed-service.lisp, records owner outcomes, stubs TLS conditions; :15 marker only	Fixture header disclaims framing/durability. Never run on hbox.	5	NEVER			run2:OK(5r 0s)
test_native_feed_idle	REAL	BND,LAT,PEER	y	idle outbound feed: owner holds stay under 150 over 10 s idle; a post after idle is delivered within 3 s	:65-66 other+transit holds <150 and delivery <3 s (baseline 506 per comment :63-64)	Gated on pinned-hash peer.READY. Only hbox run 10-03 FAILED. HOLD_LIMIT is not derived	1	10-03 03:29	252d73dac	FAILED	run2:FAILED(1f 0e 1r 0s)
test_native_feed_temporary	OPTIN	PEER	y	Scripted peer answers MODE STREAM 400 three times; the feed backs off (>=0.8/1.8/3.8 s) and then streams via TAKETHIS	:61-71 exactly 4 arrivals, gap minima, exact command sequence on the 4th connection	REAL. peer.READY needs launcher/core/runtime sha256 env, so it is effectively opt-in	1	10-02 22:18	77b7d258d	OK	
test_native_feed_tls_read	REAL	PEER,AUTH	y	outbound feed over implicit TLS1.3 with tickets: one link delivers, drops logged with doubling backoff, pause/resume, two fn nodes	test_native_feed_tls_read.py:209 exact retry-ms [1000,2000,4000,8000]; :177 one connection carried the transfer	needs explicit core/runtime SHA env (peer.READY); peer side is a scripted Python TLS server	4	09-29 01:22	1922efe84	OK	smoke:FAILED(3f 0e 4r 0s)
test_native_feed_tls_ready	REAL	PEER,AUTH	y	STARTTLS and implicit-TLS outbound feed sends exactly STARTTLS+IHAVE, no login or MODE STREAM, one handshake	:105-108 handshakes==1, exact command list, no peer errors, owner alive	Never run on hbox. Pinned-hash READY gate	2	NEVER			
test_native_fence_boundary	REAL	ARU,DUR,CKPT	y	injected committer/checkpoint/reclaim/node-secret faults: owner exit 3 vs 4, fence before reply, recovery serves acked work	:47-58 exact exit code and line, unacked article absent after restart; :142 fenced line precedes reply; :168-175 secret create/rotate exit 3 then refused	Never run on hbox. :153 accepts 430 or 223, so 'never served over by old state' is unchecked	6	NEVER			
test_native_fitness	REAL	DUR,ARU,OPS	y	tools/fitness.py soak: TLS auth posters/readers, maintenance compact, restart, journal replay	test_native_fitness.py:69-76 findings==[], uncertain_outside_window==[], journal_rc 0, digest same	oracle delegated to tools/fitness.py findings (not audited here); ~7 min; last hbox FAILED 09-29	1	09-29 09:46	a0b2b4afc	FAILED	
test_native_foreign_format_open	REAL	ARU,OPS	n	Store with foreign format frame refused by name (exit 1) on seven open paths, files unchanged; own frame opens	:76-79 rc==1, ACL2 line present, generic fault absent, store tree hash unchanged; :86-90 control opens	run is refused before listener	2	09-28 19:26	abdc0db4c	OK	
test_native_friends_accounts	REAL	AUTH,ARU,DUR	y	invitation-code XREDEEM over TLS, fn redeem, principal bind/unbind across restart, account delete, crash after publish	test_native_friends_accounts.py:376 assertNotIn('usage', text(refused)): 'refused' is undefined -> NameError on developer image	crash case cannot pass as written (likely the 10-01 hbox failure); :218 unreachable exit 3 never refused is good	7	10-01 01:27	6462bd687	FAILED	
test_native_friends_feed	REAL	PEER,AUTH,OPS	y	two nodes: keygen, invite/accept/confirm, live peer add, signed cancel withdraws target at friend	test_native_friends_feed.py:202-203 friend STAT 430 for target and 223 for cancel; :141 keygen refuses overwrite	test_bare_fn accepts --version exit OK or REFUSED (:114-121)	2	09-28 23:29	f286c0204	OK	
test_native_frozen_relocation	OPTIN	OPS,AUTH	y	relocated frozen image: sha256 check, hybrid-sign with ML-DSA, STARTTLS 382; missing bundled OpenSSL refuses start	:118-122 EXIT.USAGE, empty stdout, 'refused start' + OpenSSL, no store created	FN_RUN_RELOCATION_E2E=1; REAL when enabled. Signatures length-checked only (:64-65), never verified. Never run.	2	NEVER			
test_native_fuzz_nntp	REAL	RDR,BND,DUR	y	Replays 11 minimized fuzz reproducers (diff vs ACL2 model, node, bounds, store mutation); harness self-tests	:76-83 judge: fixed reproducer must yield no verdict; open must still match class; :53,:66 shape checker sees each fault	all 11 fixtures status=fixed (open path unused); harness tests image-free, pass locally	10	09-29 20:06	71d0e501f	OK	
test_native_group_access	REAL	AUTH,RDR	y	per-login read/post rules: hidden group indistinguishable from absent (411/430/441), Xref/OVER filtered, holds across restart	:211,:216 restricted reply == absent reply exactly; :205-208 LIST ACTIVE/COUNTS flags	Strong checks. Needs both images. :43 is a source grep.	3	09-29 01:52	543c1383e	OK	
test_native_group_authority	REAL	PEER,AUTH	y	group authority binding: transit verdicts per connection pin and after restart; ML-DSA rotation/equivocation	test_native_group_authority.py:47 old connection keeps 'no-statement' after change; :54 replayed Q verdict equals P's, so replacement replay is not discriminated	productive test needs FN_RUN_HYBRID_E2E=1; never run on hbox; verdicts read from service log	2	NEVER			
test_native_group_name_bound	REAL	OPS,ARU	n	Profile field 7 bounds group names: 100 octets accepted, 101 refused by name with nothing written, and the default admits 101	:45-47 EXIT_REFUSED, MAX-GROUP-NAME-OCTETS, config dir unchanged; :53 store not created	Offline operator only. Never run on hbox	3	NEVER			
test_native_group_policy	REAL	OPS,RDR,DUR	y	group policy n/y offline and live: 441 read-only reply, LIST ACTIVE status, restart replay	test_native_group_policy.py:98-100 exact 441 line; :126 LIST ACTIVE after restart	docstring claims pinned connection keeps config; 'pinned' never used after :109; 2 SRC tests; never run	3	NEVER			
test_native_harness	SRC	SRCONLY,ARU	n	tests/native_harness.py itself: pipe draining, refusal diagnostics, outcome table, NNTP client, stderr retention	test_native_harness.py:157-163 uncertain never accepted as refused (harness-level); :143 outcome table from book	no fn image; discriminating unit tests of test tooling, not of fn	19	NEVER			
test_native_header_limits	REAL	ARU,PEER	y	Profile header limits on POST/IHAVE/TAKETHIS: 900/1000 accepted, 1001/65 refused with exact 441/437/439 lines	:79/:90/:96 exact 441 lines; :131-135 exact 437 text and 439 id-only	Exact boundary pairs (1000/1001, 64/65)	3	09-27 15:08	a99f07933	OK	
test_native_header_lines	REAL	RDR,PEER,ARU	y	long folded Subject/References served whole by OVER/XOVER/HDR/ARTICLE; 998/999 line bound on POST, IHAVE, TAKETHIS	test_native_header_lines.py:77,85 exact 441 line; :169-171 exact 437 text and 439 msgid; :95 unfolded References	runs on prod and dev images	3	09-29 22:50	1fb489af2	OK	
test_native_heap_default_source	MOCK	MEM,SRCONLY	n	SBCL fixtures: ACL2 DEFAULT heap reservation arithmetic, peer policy, terminal cohorts, diagnostics over actual sources	:16,:34 run *-mock.lisp with machine/config/output observations stubbed (fixture lines 57-62); markers only	Fixture header: not allocation coverage, not a saved image. Never run on hbox.	3	NEVER			
test_native_heap_from_profile	REAL	MEM,OPS	y	launcher picks heap from profile under 2 GiB: init sizing lines, refusals by name, fill to full then restart, VmHWM under limit	:457 exact 441 store-full reply; :418,:475 VmHWM < LIMIT; :523 machine == cgroup MB	Main class skips unless cgroup <= 2 GiB (:379), so effectively opt-in. Serve checks first/last ids only (:187).	9	09-29 01:49	6c5aa3efa	OK	
test_native_heap_graph	REAL	MEM	n	SBCL heap-graph tool counts conses/bignums/bytes; the matcher-probe report refuses incomplete rows	:25-30 exact cons/bignum/byte totals against sb-ext:primitive-object-size; :73-78 named refusals	Tests the measuring tool, not fn; no image. Never run	2	NEVER			
test_native_host_lifecycle	REAL	BND,LAT,WEB	y	client/peer events never stop owner: TLS pipelined cold read, EMFILE flood, worker joins, adoption race, web POST on stalled disk	:289 no leaked socket fd after stop; :482 accepted fds <= 4 while loops held; :430 health within baseline+1.5 s	IdleTimerTests skips on a known OVER cursor defect (:339-345): a red reported as a skip. Linux-only classes.	11	10-03 03:33	4e409a9d6	OK	run2:OK[AcceptExhaustionTests](1r 0s) run2:OK[AdoptionRaceTests](1r 0s) run2:OK[IdleTimerTests](1r 0s) run2:FAILED[LogicalFeedTests](0f 1e 1r 0s) run2:FAILED[PendingAcceptBoundTests](1f 0e 1r 0s) run2:FAILED[WorkerRosterTests](1f 0e 3r 0s)
test_native_hybrid_author	OPTIN	IDEM,AUTH,PEER	y	Hybrid-signed authoring: enroll/rotate/revoke, DUPLICATE vs conflict, signed POST classes, carriage/budget across relays	:366-368 ACCEPTED/DUPLICATE/ARTICLE-EXCEEDS; :123-128 conflicting source refused and logged; :604-617 exact 441 reasons; :1180 refusal-class detail	REAL; FN_RUN_HYBRID_E2E; tamper (:98) and revoked (:170) only rc==1; damaged-signature :271-273 only rc 1 and last word != REFUSED	13	10-01 01:27	6462bd687	OK	
test_native_image_differential	REAL	OPS,RDR,CKPT	y	stripped vs reference image on same inputs: traffic, malformed, capacity, corrupt checkpoint, replay, import; world-reads check	test_native_image_differential.py:286,291 outcomes and store bytes equal across images; :518 no OMITTED world reads; :579 mutation caught	oracle is the reference image, not spec; ordinary-traffic POST replies unasserted (:309); 5 cases compare file lists only	14	09-28 19:26	abdc0db4c	OK	
test_native_image_floor	REAL	MEM,OPS	y	stripped image: guard fault stderr byte-exact, core < 128 MiB, 256 MB heap serves, stack floor, deep inputs	:86 stderr == GUARD_LINE; :158 96 KiB trial fails; :124 core_required_kib < ceiling	Deep-input reopens check status prefixes only (:334-338); 1 MiB article checks n >= lines (:299), no bytes.	12	09-29 01:52	543c1383e	OK	
test_native_image_heap	REAL	MEM	y	the 128 MB bar (ruling 7): VmRSS of the production image's owner after 1,000 POSTs of 2,048 octets, 32 idle connections closed and 20 s idle	assertLessEqual(VmRSS, 128 MiB) on /proc of the owner; prints FN_IMAGE_HEAP json	Opt-in FN_RUN_IMAGE_HEAP=1; expected red until the image rests under the bar; Linux only	1				
test_native_image_profiles	SRC	OPS,SRCONLY	n	build-script/source ordering pins plus prod vs dev image verb gating (owner, reader, raw post, DTN operator)	test_native_image_profiles.py:39-127 string/index pins on build.lisp/io.lisp; image witnesses :140-149 exit 5 with named refusal	7 SRC + 6 REAL image tests; last run 2 of 13 ran	13	09-29 06:42	1ece01a9e	OK	
test_native_implicit_tls	PINNED	AUTH,OPS,RDR	y	implicit-TLS listener session; tls_port without a cert is usage; store inspect accepted/absent with the owner stopped	:90 comment 'STARTTLS still upgrades' but :98 asserts the plaintext STARTTLS gets 502; :123 held-store inspect only !=0	Last hbox run 10-03 FAILED (1 of 3)	3	10-03 03:33	4e409a9d6	FAILED	
test_native_import_manifest	MOCK	BND	n	Streamed import MANIFEST/prefix admission over a real regular file or FIFO opened nonblocking; close count and read count	native_import_manifest_raw-mock.lisp:20-41 stubs fnn-core answers, fnn-join and fnn-check-regular. Python checks only PASS strings (:13-15)	The docstring says "Real FIFO". Only open/fstat are real. Never run	1	NEVER			
test_native_import_publication	REAL	DUR,ARU,OPS	y	store import staged publication: leftover stage refusals, every IMPORT_CUT kill/EIO -> absent or complete store	test_native_import_publication.py:182-205 present store equals source by inspect or absent+retry; :178 EIO after rename is UNCERTAIN	source pins in 1 test (:59-72); no power-loss claim (stated)	3	09-28 18:09	dd7b7fb01	OK	
test_native_index_writer_turn	MOCK	SRCONLY	n	live fnn-core-mv macro spliced into a recording index-writer transport fixture	:17-22 macro spliced into tests/native/index-writer-turn-recording.lisp; :32 counts three 'PASS recorded'	Recording core callbacks, no image. Never run	1	NEVER			
test_native_init_publication	REAL	DUR,ARU,OPS	n	init publication: leftover stage refusals by name, SIGKILL/EIO at every INIT_PUB_CUT leaves no store or a complete empty store	:181-188 kill gives SIGKILL, absent gives 1, present gives 3; :190-207 store presence matches cut.candidate and a re-init removes the stage	One source test. Strong cut sweep	4	10-04 14:29	d5b0b9100	OK	core:OK(4r 0s)
test_native_init_resume	REAL	OPS,ARU,DUR	n	init re-run with mismatched profile/groups refused with store unchanged; matching resumes; corrupt record faults	test_native_init_resume.py:33 whole-store snapshot equal after refusal; :49 config record bytes unchanged	never run on hbox	4	NEVER			run2:FAILED(1f 0e 4r 0s)
test_native_init_resume_source	MOCK	OPS,ARU	n	init resume refuses a mismatched profile/groups (code 1) before effects	native_init_resume_source-mock.lisp:18-23 fn-cfg-decode-exact stubbed to canned records; test :19-20 greps effects=NIL	Never run on hbox	1	NEVER			
test_native_initializer_fidelity	REAL	DUR,ARU,OPS	n	fresh init cuts (kill/EIO/EACCES), resume, lock contention, misaligned segment refusal, post stop cut	test_native_initializer_fidelity.py:268 segment-misaligned refused with bytes unchanged; :226 kill at segment-created recovers empty	test_existing_valid_init docstring claims config bytes unchanged, only exit codes (:110-118); EIO test admits routing-only (:160)	16	09-28 18:08	?	OK	
test_native_injection_info	REAL	AUTH,PEER	y	Injection-Info posting-account equals `account hash` per login, plus complaints-to; anonymous has no account; relayed line kept octet-exact	:172-179 hash equality per login, alice!=bob, and the relayed line equals the peer's line	All asserts are batched at the end after a print, which is fine. Two owners	1	10-01 01:27	6462bd687	OK	
test_native_install	REAL	OPS,DUR	y	install.sh upgrade/rollback between two staged releases; printed gap vs measured; store-format refusal switches nothing	:186-187 the gap equals the last run-opened ms; :203/:225 transaction count preserved; :249-250 symlinks unchanged on refusal	Both "releases" are the same image bytes and differ only in revision label (:108-109). Health check is loose (:200-202)	2	09-30 01:25	e739bc934	OK	
test_native_ion_ltp	OPTIN	BP	n	A real ION/LTP send of the FNWF request; a staged ADU byte-equal to what was submitted; offline receipt join and return	:59 staged ADU equals the submitted copy; :113-116 returned receipt bytes and the observation line	Needs FN_ION_LAB_RUN plus LTP binaries. The receipt join is declared offline and trusted (:66-68). Never run	1	NEVER			
test_native_ion_receipt_recovery	REAL	ARU,DUR,BP	n	ION workflow receipt: uncertain decision/release namespace faults, reopen, duplicate receipt refused	test_native_ion_receipt_recovery.py:97 UNCERTAIN; :105-106 duplicate REFUSED with records snapshot unchanged	test 1 name says 'exact receipt' but checks only status=receipted (:90); last hbox FAILED 2 on 10-03	3	10-03 02:25	?	FAILED	
test_native_ion_workflow	MOCK	ARU,BP,DUR	n	workflow-ion-submit with shell helper outcomes; anything unobserved stays uncertain across reopen	:78-117 each helper outcome -> EXIT.UNCERTAIN and status=restart-observed; :144-148 refusal before helper, records unchanged	ION transport is a /bin/sh helper fixture (physical seam stubbed); 'reopen' is a new CLI process, no crash; hbox 10-04 FAILED	9	10-04 04:29	?	FAILED	run2:OK(9r 0s)
test_native_journal_stream	REAL	OPS,ARU	n	`store journal` on a 160k-entry journal; symlink/FIFO fault; absent refused; malformed gap report	:26-27 exact report bytes; :57-60 exit 1 with 'status=malformed replay=gap-at-2'; :34-36 symlink gets EXIT_FAULT 'non-regular', empty stdout	CLI only. Never run on hbox	5	NEVER			run2:OK(5r 0s)
test_native_journal_stream_source	MOCK	BND,DUR	n	Owner-time journal streaming in at most 64 KiB windows; nonregular/read-error close the fd; replay agrees at 160k entries	native_journal_stream_source.lisp:17-48 deterministic seams for open/fstat/read; Python :19 pins windows=35 max=65536	windows=35 is a fixture-derived magic number. Physical I/O is stubbed	1	10-04 12:40	fe7ef2807	OK	run2:OK(1r 0s)
test_native_journal_torn	REAL	DUR,OPS	y	Decision journal: failed appends truncated to whole entries with gap mark; torn tail cut at next open	:105-113 MARK present, replay exit 1 gap-at-N, never malformed; :129-138 torn tail cut, replay whole agrees segments=2	plus 1 SRC test (source strings), passes locally	3	09-28 18:09	dd7b7fb01	OK	
test_native_key_statements	REAL	AUTH,DUR,ARU	y	signed key succession/revocation by POST and IHAVE; kill at the statement cut, recovery at open; redecide; key-change-refused 240	:288-291 exact key history; :321-336 owner -9 then 'committed at-open' history; :580-581 exact key-change-refused 240 line	IMAGE=FN_NATIVE_HOST (:28) but the cut cases (:314,:474) set a developer selector. Last run 2F/1E. Fork test :600 checks only 'ungoverned'	7	10-01 01:27	6462bd687	FAILED	
test_native_known_abort	REAL	ARU,DUR	y	Injected prepublish refusal on topic/consumer/identity records: exit 1, owner not fenced, history unchanged, and +1 after restart	:85 committed history equals before; :92 len(after)==len(before)+1; :82 "fenced" not in the second refusal	Good teeth	3	10-01 01:27	6462bd687	OK	
test_native_lexical_exits	MOCK	ARU,SRCONLY	n	extracted owner/bp-node refusal defuns refuse before mutation under stubbed core replies	:43-54 stub fnn-core-buffer-state/fnn-owner-core/quantum; :57-63 asserts in probe; :73 marker	Core decisions are fixture inputs. Never run on hbox.	1	NEVER			
test_native_limits_live	REAL	OPS,ARU,DUR	y	policy set limits: live raise applied, beyond-reservation recorded, below-use refused, ceiling refused, kill -9 after record	:76/:85 post past T refused, then accepted after the raise; :144-146 named refusal, config dir unchanged	:168-169 checks only that the budget is stable across restarts, never the recorded 16. ACL2 sentences are pinned verbatim. Last run FAILED 2/6	6	10-01 01:27	6462bd687	FAILED	
test_native_list_seal	MOCK	MEM	n	list payload sealing uses the releasable buffer stage, never permanent fn-arena-seal-list	native_list_seal_raw-mock.lisp:37-61 fnn-core and fnn-call are recorded fakes; asserts call order :75-78	Never run on hbox	1	NEVER			
test_native_listener_v6	REAL	OPS,AUTH	y	[::1] and 127.0.0.1 plain + implicit-TLS listeners; wildcard/mapped/duplicate addresses refused before listen	test_native_listener_v6.py:107-110 exit 5 and '(CONFIGURATION reason)'; :69,75 socket family per address	never run on hbox	2	NEVER			
test_native_live_reconfiguration	SRC	SRCONLY,OPS,BND	y	Six source-order checks of the live admin arm, plus live group/peer add with a pinned reader, offline lock refusal, and S033 hold cost	:55-199 are string index/assertIn on host and book source; the image cases :243-251 give exact peer row live and after restart	Half SRC. Image cases are REAL. Cost bound is loose (:383-385, 3x+2000us). Last run FAILED	12	10-03 02:19	c9c7b3af1	FAILED	
test_native_log	REAL	DUR	n	developer log append/recover/scan; torn tail zeroed; SIGKILL at every log cut recovers a prefix; production refuses writing verbs	:144-152 exit -SIGKILL, then recovered count in the expected set, workload=t, zeros past frontier; :123-125 torn tail	Process-death oracle only, not power loss. Non-'present' cuts accept 6..9 records (:143)	4	10-04 14:29	d5b0b9100	OK	core:OK(4r 0s) smoke:OK(4r 0s)
test_native_log_compaction	REAL	CKPT,DUR	y	store compact rotates and drops segments; inspect output identical; kill at 7 rotation/drop cuts recovers; reclaim removes bodies; open refusals	:119/:233 per-article inspect equals before; :173 no store file holds a released body; :196-197 exit 1 with the named reason	Strong	4	10-01 01:27	6462bd687	OK	run2:OK(7r 0s)
test_native_log_damage	REAL	DUR,OPS	n	Bit flips in record log refused log-damaged at exact stop; torn tail recovers; confirmed truncate repair quarantines bytes	:95-104 every flip: exit 1, exact at=/valid-after, segment sha unchanged, no quarantine; :141-149 quarantine == damaged bytes, served prefix	last hbox 10-01 FAILED (13 failures, 4 ran)	5	10-01 01:27	6462bd687	FAILED	run2:FAILED(0f 1e 0r 0s)
test_native_log_sink	REAL	BND,OPS	y	owner with an unread stderr pipe answers 2000 POSTs and health; sink then drains to zero with no drops	:108 all 240; :116 pending > 0 behind full pipe; :132-133 pending=0 dropped=0	Final line check is >= (:147). :34-55 are source greps.	3	09-29 01:22	1922efe84	OK	
test_native_maintenance_live	REAL	OPS,CKPT	y	recover/inspect/export/inspect --group answered by running owner; stopped status reads header; export imports	test_native_maintenance_live.py:49 transactions=3; :167,182 exact inspect --group lines live and offline; :139 imported records=4	health exit code never asserted (:82)	3	10-03 00:30	1cb0ec0e0	OK	run2:OK(3r 0s)
test_native_mixed_history	MOCK	ARU,DUR	n	Python history checker refutes missing recovery/changed hash/reused number; wire_outcome maps 441 uncertain vs refused	:10-19 synthetic Journal records; :66-69 wire_outcome on literal byte strings	Tests the checker, not a node (docstring :1 says so). wire_outcome keys on substring 'uncertain'.	7	NEVER			
test_native_moderation	REAL	OPS,AUTH,ARU	y	moderated group hold/approve/reject; forged Approved 441; relay 437/235; operator verbs refused by name; withdraw durable	:225 exact FORGED line; :292-296 not-a-moderator exit 1, still 430; :359-363 withdrawn after restart	Offline refusals :197-201 only check !=0 though the docstring says 'refused by name'	3	09-29 01:52	543c1383e	OK	
test_native_moderation_outcome	REAL	ARU,DUR,OPS	y	withdraw with pre-publication refusal cut: authorization persists across restart, completed withdraw -> 430	test_native_moderation_outcome.py:57 exit 3 'withdrawal-authorized-cause-refused'; :65 planner sees authorization after restart	white-box: queries planner via developer REPL (:31-39); refused cause reported as exit 3; never run	1	NEVER			
test_native_mux	REAL	BND,MEM	y	run refuses a capacity the machine cannot hold; 300 held connections add no thread and <64 KiB RSS each; live bound; busy 400	:158-165 threads_after <= before+1 and RSS per connection <64 KiB; :177 capacity unchanged after refusal; :187 exact BUSY line	RSS is one ps sample delta (noisy)	2	10-04 14:29	d5b0b9100	OK	core:OK(4r 0s) smoke:OK(4r 0s)
test_native_newnews_wildmat	REAL	BND,RDR	y	NEWNEWS fn.* over 1000 articles answers within 60 s and lists every id once while another reader is served under 5 s	:109 sorted ids equal all posted (exact multiset); :120 every other-reader wait <5 s	Never run on hbox	1	NEVER			
test_native_nntp_post_probe	SRC	DUR,ARU	y	Served-POST cut arms derived from host program order; judge teeth on synthetic rows; opt-in image probe of every cut	:44 verify_served_arms reads host coordinates; :83-118 judge rejects 240-before-reply etc; :153-155 image verdict failed==0 (only with FN_NATIVE_CRASH_HOST)	9 of 10 tests are pure-Python harness/derivation self-tests (mock.patch of cut tables), pass locally; one REAL image test	10	09-30 01:25	e739bc934	OK	
test_native_nov_metadata	REAL	RDR	y	in-image wide NOV scalar renderer; served OVER :bytes/:lines match retained ARTICLE	test_native_nov_metadata.py:63-65 OVER bytes/lines equal retained article; :36 in-image script PASS line	last hbox run FAILED 10-04 (served/native-nov-red)	2	10-04 04:06	b7826811c	FAILED	run2:OK(2r 0s)
test_native_open_depth	OPTIN	OPEN,BND,RDR	y	100k-article fixture opened by replay and checkpoint at deployed stack; every protocol command and control report served	test_native_open_depth.py:208-213 no owner deaths or unanswered commands; :188 no 'Control stack exhausted'	needs FN_OPEN_DEPTH_FIXTURES; replies checked only as 3-digit codes, not content (:264); last hbox FAILED 09-28	2	09-28 16:25	152da1f35	FAILED	
test_native_operator_campaign	SRC	OPS,SRCONLY	n	pure parse helpers of tests/campaign/native_operator_campaign (recover line, undot, article)	test_native_operator_campaign.py:11-12 parse_recover exact dict; no image	tests a test driver, not fn	5	NEVER			
test_native_operator_cli	REAL	OPS	y	operator help/show/usage/fault exits; run --once binds IPv4/IPv6 loopback	test_native_operator_cli.py:56 exact usage line; :69-81 show values and rendered-config round trip; :92 usage exit	1 SRC regex test (:13-40)	7	09-29 05:40	6d47ca1de	OK	
test_native_operator_diagnostics_source	MOCK	ARU,SRCONLY	n	Real diagnostic bodies and ACL2 classifier with deliberate core/I/O seams; faults never print refusal	native_operator_diagnostics_source-mock.lisp header 'deliberate core/I/O seams'; py :19 PASS string only	passed hbox 10-04; passes locally	1	10-04 12:40	fe7ef2807	OK	run2:OK(1r 0s)
test_native_operator_refusals	REAL	OPS,ARU	y	Full dev store: operator post refusal carries Store reason word in reply and log; policy set refuses by name	:50-56 reply 'REFUSED word' and owner log reason for same Message-ID; :59-69 exit 1, named words, no usage line	reason word unpinned (:51 any [a-z0-9-]+): a wrong reason passes if reply and log agree	1	10-01 01:27	6462bd687	OK	
test_native_operator_verbs	PINNED	OPS,IDEM,ARU	y	operator init/peer list/headroom; served POST duplicate vs conflict; budget refusal by name; developer uncertain exit 3, then recover	:384 bp-boundary added with port 4557 expected 'port=0'; :738 '17138486' and :750 25165824 have no derivation	Core is REAL: :511-516 exact duplicate vs conflict with no transaction. :427 says 'three outcomes', only OK/UNCERTAIN asserted	26	10-02 00:57	ad5de4c94	OK	
test_native_operator_verdicts	REAL	OPS,AUTH,ARU	y	refused POST logged on served and control paths; live set-password reload 281/481; developer init refuses flag-shaped group	:61 exact 441 line; :96-98 old password 281 before, new 281 and old 481 after the live change	Comment :33 says parent cases are not rerun, but signed_withdrawal/two_node_withdrawal are inherited. :62 only !=0. Last hbox run skipped	3	09-28 06:02	8fc4c6d69	SKIPPED	
test_native_operator_walk	REAL	OPS,PEER,DUR	y	Installed bin/fn walk: pre-init refusals, peered feed, 501/502 MODE STREAM, backup restore, move, TLS self-signed, SIGKILL recover	:369-370 restored copy answers DUPLICATE for the backup article and ACCEPTED for a later one; :308/:322-323 exact MODE/IHAVE counts	The peering case (:269-270) only greps logs and never checks the article reached B. The SIGKILL case (:464-483) never checks the post survived. Last run FAILED	9	10-01 01:27	6462bd687	FAILED	
test_native_outcome_algebra	REAL	ARU,IDEM	y	One exit-code table across operator/store/control/bp families: 0/1/3/4/5/7 per real command	:116-122 DUPLICATE exit 0, changed source exit 1 CONFLICT; :108-110 postpublish store post exits 3	The bp decode case (:145-151) accepts any outcome but fenced. It inherits 2 operator_verbs tests (8 ran). Last run FAILED	6	10-01 01:27	6462bd687	FAILED	smoke:OK(8r 0s)
test_native_outside_in	REAL	WEB,RDR,AUTH	y	curl/openssl/nc drive the web face and NNTP: accounts, post/read, XREDEEM, SASL PLAIN, COMPRESS, cancel, limits, restart	:1255-1259 restart ends the web session and keeps 101 posts; :1127-1132 decompressed replies; :1053 repeated Message-ID passes on any 4xx	Tests depend on order through cls.state. a15 :687 passes any status 100-599. The docstring's expected-failure findings are never used	49	10-01 01:27	6462bd687	OK	
test_native_over_cursor_cost	OPTIN	BND,LAT	y	Measurement: whole-group OVER at ACL2 quantum vs one window on fixture stores; prints holds and us/bytes per hold	:99 reply rows equal the GROUP count; :114 the two windows' replies are equal. No cost assertion	A measurement by design (docstring). Needs FN_OPEN_DEPTH_FIXTURES and FN_OVER_COST_FIXTURES	1	10-03 03:37	45c9ec0f6	OK	run2:SKIPPED(1 of 1; no test executed)
test_native_over_pins	REAL	BND,CKPT,RDR	y	A held OVER cursor defers reclaim (readers) until drain/cancel; sparse quanta; idle deadline refreshed by drain; cold read off mutex	:52-63 deferred reason=readers with the arena count stable; :77 rows [1..5]; :93 430 reclaimed after install	The cold-quantum test passes vacuously when no PAGE-IO hold is reached (:310-314, prints only). Last run FAILED	8	10-04 14:29	d5b0b9100	FAILED	core:FAILED(1f 0e 8r 0s)
test_native_over_window	OPTIN	BND,RDR	y	OVER whole range under 97-number quantum equals single-hold reply, one row per article in order	test_native_over_window.py:119 small-window bytes == whole-window bytes; :116 numbers exactly low..high	needs fixtures; only hbox run SKIPPED 09-30; hbox has n10k not the 100k the docstring names	1	09-30 01:25	e739bc934	SKIPPED	
test_native_own_cancel	REAL	IDEM,AUTH,PEER	y	RFC 8315 own cancel across accounts, key epochs, SIGKILL restarts, IHAVE relays; identical resend vs changed lock	:273 'already stored here'; :275 'a different article with this Message-ID'; :289 cancel key opens held lock	Docstring says 'Opt-in' but runs whenever an image exists. Relay replies never asserted (:403-410).	4	10-01 01:27	6462bd687	OK	
test_native_owner	SRC	ARU,DUR,BND	y	About 16 source-structure checks of handlers and fence boundaries, 2 raw-mock harnesses, 14 developer-owner socket cases (fault isolation, fence, clock)	:155-238 parse host Lisp forms. Image teeth: :818-819 exact uncertain 441; :833-836 committed vs later absent	About half SRC/MOCK (:551-591 raw-mock). :865 "reconciles" asserts only that the journal grew. Last run 1F 1E	30	10-04 14:29	d5b0b9100	FAILED	core:FAILED(1f 1e 30r 0s)
test_native_owner_carrier_dispatch	MOCK	SRCONLY	n	ABI routing of actual native stobj wrappers into a recording fnn-call	fixture lines 16-21 recording world and fnn-call; docstring :1 'no semantic owner claim'; :22 marker only	Never run on hbox.	1	NEVER			
test_native_owner_offlock	REAL	BND,LAT,FSYNC	y	stalled feed-journal fsync holds no owner quantum (GROUP < 1 s, health < 3 s); commit hold < injected fsync	:127-128 latency bounds; :162 max hold < fsync_ms; :165 POST still waits two fsyncs	Duplicate case resends a CHANGED body and accepts any 441 (:174-179): duplicate vs conflict not distinguished. Last FAILED.	3	10-03 03:30	0ae98328d	FAILED	run2:FAILED(2f 0e 3r 0s)
test_native_owner_pool_startup_source	MOCK	OPS,SRCONLY	n	sbcl -mock script: owner pre-open ordering and orphan executor cleanup over derived stubs	test_native_owner_pool_startup_source.py:16 PASS line; -mock.lisp:21-42 stub fnn-close/fnn-flock/fnn-listen	never run on hbox	1	NEVER			
test_native_owner_scheduler	REAL	BND,LAT,DUR	y	scheduler class counts; 200 KiB reply byte-exact; control under readers/posts; reader view at barrier; hostile peer race; crash campaign	:244,:248 dot-stuffed body exact; :386-390 view excludes in-flight article; :818 every 240 body exact after SIGKILL	Hostile peer accepts 435|436, 438|431, 439|436 (:683-694). :53 is a large source grep.	10	09-29 09:30	ff6cf6bab	OK	
test_native_owner_startup_custody_source	MOCK	DUR,SRCONLY	n	startup failed-open close debt retained through terminal settlement, actual source with recorded physical calls	fixture header 'Physical calls are recorded; no live disk durability claim'; harness stubs; :16 marker only	Never run on hbox.	1	NEVER			
test_native_pack_chain	REAL	CKPT,DUR	y	compact a 4500-article store over the record log: exported history and sampled articles unchanged, next number, second compaction	:145 export tree hash-equal before/after; :146 sampled inspect equal; :143 (segment,dropped) == (2,1)	Name says pack chain; packs retired (docstring :15-24). Scale test opt-in. Last FAILED.	2	09-29 01:22	1922efe84	FAILED	
test_native_page_io	REAL	BND,DUR,LAT	y	cold pread hold, cancel, retire, late fault ownership: fd closed only after settle, faults named, reopen exact	:259 held read == pre-captured bytes; :364 settle precedes fd-close; :424 EXIT.FAULT on short/error	9 of 15 tests are Python self-tests of its own log parser (:91-154); 6 drive the image. Last hbox 10 failures (subtests) FAILED.	15	10-04 14:29	d5b0b9100	FAILED	core:FAILED(10f 0e 15r 0s)
test_native_parser_turn_boundary	MOCK	SRCONLY	n	owner receiver-turn transport and stop-boundary fixture with a recording core; source mutations must trip assertions	:13-15 three of four SOURCES are frozen 2026-09-30 evidence snapshots; the stop mutations :39-42 edit source_index 0 (a snapshot), not live host	Only receiver-parser-turn.lisp is live source. Never run on hbox	3	NEVER			
test_native_peer_by_name	REAL	PEER,AUTH	y	feed dials a DNS name verified under system roots; name mismatch and unresolved are logged and retried; peer add refuses bad host words	:169-170 same article bytes at both nodes; :187-189 two name-mismatch dial lines and the article not received	Refusal :219 only !=0. Last hbox run 09-27	4	09-27 18:08	?	OK	
test_native_peer_catchup	REAL	PEER,DUR,IDEM	y	B catches up 1000 articles from A: bytes equal minus Path/Xref, digest chain recomputed; kill mid-round resumes with duplicates	:236 per-article octets equal; :275 digest == recomputed BLAKE3 chain; :314 duplicate > 0 after resume	Needs explicit FN_NATIVE_HOST. Unfunded case: 'never dials' (:21) not asserted. Last FAILED.	4	10-04 04:09	61b7985a9	FAILED	run2:FAILED(3f 0e 4r 0s)
test_native_peer_invite	REAL	PEER,AUTH,DUR	y	peer genesis/invite/accept/confirm across nodes; tamper/replay refusals; crash cuts enrol once; succeeded keys	test_native_peer_invite.py:155-159 key history one active generation; :207-214 crash leaves peer record, one enrolment	refused() checks exit 1 only, never the reason word (:97-102); last hbox FAILED 2 on 09-27	7	09-27 18:08	?	FAILED	
test_native_peer_pull	REAL	PEER,DUR,AUTH	y	NEWNEWS pull via recording proxy: cursor advance, kill mid-round re-asks the same NEWNEWS, 6 cursor cuts store once, TLS principal, unavailable-id bound	:609 the post-restart NEWNEWS equals the dead round's; :665 XOVER count==1 per id at every cut; :806 no plaintext private commands	The INN and soak cases are opt-in. Scripted peers are the counterparty, not fn. hbox ran 1 of 16	16	10-03 00:30	1cb0ec0e0	OK	run2:FAILED(1f 0e 14r 2s)
test_native_peer_round_driver	MOCK	BND,PEER	n	Peer round scheduler: a trickling pull cannot starve a healthy pull or catch-up; custody cleanup on fault/IO	native_peer_round_driver_raw-mock.lisp:2-3 "protocol/session and journal leaves are recorded"; :154/:212/:325 setf symbol-function stubs	Python checks exit and PASS only (:16). Never run	6	NEVER			run2:OK(6r 0s)
test_native_peer_rows_growth	REAL	OPS,PEER	y	1100 'peer carries' requests verified; peer list replays all in order; live owner adds/removes peer rows	:85 carried == exact principal list; :80 verification=VERIFIED each; :136-137 old budget gone	Main test @slow, skipped unless FN_RUN_SLOW=1 (:59). Live test covers only 3 rows.	2	09-29 09:07	b5b835885	OK	
test_native_peering	OPTIN	PEER,IDEM,BND	y	two production nodes: IHAVE/streaming verdicts, duplicates 435/438/439, kill mid-IHAVE, feed requeue after death, queue bound, retire	:615-617 CHECK 238x16, 431x4, 438; :411 requeued article identical; :1268 436 past the queue bound	Gated on matching launcher/core/runtime SHA env (:45-49); REAL when run. Last hbox ran 1 test. No changed-bytes conflict case.	24	10-04 03:28	982dd5994	OK	run2:FAILED(3f 0e 24r 0s)
test_native_post_seal_gate	WEAK	ARU	y	with catalog seal gate forced to refuse, two POSTs are not 240 and report the same arena count	:36 asserts only 'not 240'; :37-38 swallows connection errors; :45 one distinct arena count	Docstring claims the node still serves held articles (:7-8); never asserted. Never run on hbox.	1	NEVER			run2:FAILED(0f 1e 1r 0s)
test_native_preflight	MOCK	OPS	n	tools/native_preflight receipt-cache reuse and invalidation, with a stub checker runner	:25-27 runner stub always returns 0; :76-81 a source change during the check files nothing	Tests a CI tool, not fn. Never run	12	NEVER			
test_native_profile	REAL	OPS	y	[log] path append-only and path-identity in Injection-Info/Path/log; [posting] agent and relative log refused	:82-84 Injection-Info and Path carry identity; :91,:97-108 log lines exact prefixes and client-address; :134-135 USAGE with key	path identity is node identity, not store genesis	3	10-01 01:27	6462bd687	OK	
test_native_program_check	SRC	SRCONLY,DUR	n	tools/native_program_check host-vs-model cut order; each source-text mutation must fail	:58-64 swapped cuts fail; :245-250 a missing append cut fails; :352 literal '(13 cuts; 7 segment cuts)'	Mutations give it teeth, but it is static only	29	10-04 12:40	fe7ef2807	OK	run2:OK[StatementRouteTests](5r 0s)
test_native_protected_peering	OPTIN	PEER,AUTH,DUR	y	STARTTLS+AUTHINFO reciprocal feeds, restart, peer set/login, acked feed not re-offered, sent-cut requeue	test_native_protected_peering.py:423-427 ACL2-replayed FNFD retires acked entry; :492-495 sent cut requeues	needs core/runtime SHA env; wrong-password/anchor tests only assert 3s non-delivery (:385) and journal is_file (:533)	6	10-01 01:27	6462bd687	FAILED	
test_native_public_exposure	REAL	BND,AUTH,LAT	y	Stranger flood campaign: per-address/total caps, idle/first-command close, slowloris, anonymous step budget, auth-failure lockout, health	:222-223 admitted<=8 with 400-address seen; :394-398 at most 10 x 481 then a named 400; :416-418 the legit reader never failed and max latency <5 s	The oversized-line phase (:310-323) records replies and asserts nothing. fresh_legit_during_total_flood is unasserted (:255)	1	10-03 03:37	45c9ec0f6	OK	
test_native_public_limits	REAL	BND,OPS	y	Exactly 40 then live 45 connections admitted, the next gets the exact 400 line; trusted range and per-address live	:152-154 40 admitted then exact BUSY line plus close; :170 health tuple (8,45,2,range)	Developer and production subclasses	1	09-27 01:45	09202195a	OK	
test_native_publication_lock	MOCK	ARU	n	Non-Linux publication-lock branch: open/fstat/flock faults give refused/uncertain, close debt kept, Linux no-lock branch	native_publication_lock_raw-mock.lisp:30-40 fnn-open returns fd 11 and fstat/flock are stubbed by mode. Python checks only the PASS string (:14)	Fully stubbed syscalls but named _raw, not -mock. Never run	1	NEVER			
test_native_pull_append	MOCK	CUR,ARU,SRCONLY	n	Real FNPL/FNCU append with scripted ACL2 envelope; write/fsync/close failures keep uncertainty	native_pull_append_raw-mock.lisp:50-62 scripted fnn-core; real write/fsync/close :66-80; py :22 PASS string	never on hbox; no SBCL skip guard; all 16 mode/kind runs pass locally	6	NEVER			run2:OK[PullAppendBoundaryTests](6r 0s)
test_native_pull_journal_registry	MOCK	PEER	n	pull/catch-up worker descriptor custody: a removed peer releases its fd and cursor; a returning peer reopens	native_pull_journal_registry_raw.lisp:1-2 'open/replay leaf is recorded, no image claim'; stubs :6-42	Real kernel fds are closed. Never run on hbox	4	NEVER			run2:OK[PullJournalRegistryTests](4r 0s)
test_native_raw_dispatch_image	REAL	OPS	n	`acl2 raw-traps` on developer images: every raw-dispatched entry trapped under four call forms	:48 intact == count and bad == 0; :52-55 exact per-row field string	Count self-reported by the image; expected set only with FN_RAW_DISPATCH_EXPECT (:56).	1	10-02 02:58	f555d5dab	OK	run2:OK(1r 0s)
test_native_raw_dispatch_trap	MOCK	SRCONLY	n	The raw-dispatch trap faults host calls outside dispatcher extents (stubbed ACL2 world), plus build-script load order	:47-69 PRELUDE stubs table-alist/getpropc/fn-di-*; :330-353 build script order by text index (SRC)	Never run on hbox	4	NEVER			
test_native_raw_scripts	MOCK	SRCONLY	n	Discovers every unnamed native_*_raw(-mock).lisp and runs it; also checks no proof cites a -mock fixture	:104-106 pass = exit 0 and "PASS" anywhere in the uppercased last line	A loose gate ("PASSED"/"BYPASS" match). It runs mock harnesses, so it carries their weakness	3	09-27 22:02	6137e36c3	OK	
test_native_reader_clients	REAL	RDR,AUTH	y	stock slrn and pan in docker against TLS owner: redeem, read/reply/post/cancel, NEWNEWS/NEWGROUPS, XOVER, Xref	test_native_reader_clients.py:133 per-action reply code from client transcript; :193 NEWGROUPS includes all four groups	needs docker; cancel asserts filing 240 only, withdrawal printed not asserted (:119-121); measurements test asserts keys only (:243)	10	10-04 14:29	d5b0b9100	OK	core:OK(10r 0s)
test_native_reader_freshness	REAL	RDR,PEER	y	Long-lived reader's GROUP acquires fresh view after another POST or peer IHAVE; crossed cancel waits for GROUP	:111-114 long-lived sees article, 211 moved, numbers == fresh connection; :227-235 220/223 before GROUP, 423/430 after	docstring opening still says the module 'MEASURES ... fixes nothing' (:7-8); it now asserts	3	09-29 07:30	33bb1ada7	OK	
test_native_reader_index	OPTIN	RDR,DUR	y	Pinned-view OVER/XOVER/LISTGROUP/LIST COUNTS/MOTD, Xref:full, 10k similar msgids on a keyed index, restart equality	:85-88 exact 423/420 lines; :187 Xref local numbers; :284 exact LIST COUNTS rows; :150-151 OVER equal after restart	REAL under FN_RUN_NATIVE_READER_INDEX. Last run FAILED (1 error, 7140 s)	8	09-30 01:25	e739bc934	FAILED	
test_native_reclaim_decision_source	MOCK	CKPT,SRCONLY	n	sbcl -mock script: reclaim driver rewrite ordering with fnn-core/store helpers stubbed	test_native_reclaim_decision_source.py:13 PASS line; -mock.lisp:20-56 stub fnn-core, fnn-recover-log-replay, publish steps	never run on hbox	1	NEVER			
test_native_reclaim_in_flight	REAL	CKPT,ARU,BND	y	Reclaim held mid-pass; dry-run and second pass refused in-flight; released pass installs	:45-51 both EXIT.REFUSED and two owner refusal lines; :56-60 install, p0 430 reclaimed, n0 223	never run on hbox; :46 regex also accepts bare 'queued'/'in-flight' anywhere	1	NEVER			run2:FAILED(1f 0e 1r 0s)
test_native_reclaim_seal_cost	OPTIN	CKPT,LAT	y	Measurement: reclaim seal-us at the given K values; reclaimed==sealed==K and expired id 430, kept 223	:46-47 reclaimed and sealed equal K; :50-51 STAT 430/223	Needs FN_NATIVE_RECLAIM_SEAL_SCALE. No cost bound (measurement). Never run	1	NEVER			
test_native_reclaim_walk	REAL	CKPT,RDR	y	Live reclaim over >2 walk chunks reclaims exact expired half; GROUP reports exact available count; reopen same	:104 reclaimed=n-survivors; :112-114 exact '211 N F L'; :125-128 after restart survivors+1 and 430 reclaimed	RSS test (FN_RUN_RECLAIM_RSS) prints, asserts nothing about memory; last hbox 10-04 FAILED	2	10-04 04:36	?	FAILED	run2:FAILED(1f 0e 1r 1s)
test_native_recovery	REAL	DUR,ARU,CKPT	n	store recover sweeps ACL2-named staging orphans, keeps foreign names; EIO uncertain; SIGKILL mid-sweep; enrollment-less import faults	:198-204 orphans swept, segment bytes unchanged; :286 EXIT_UNCERTAIN; :341 archive bytes unchanged	Skip text :132 says 'developer image' for FN_NATIVE_HOST. Prefix floor >= 5 (:93) is loose.	14	10-04 14:29	d5b0b9100	OK	core:OK(14r 0s)
test_native_redeem_input_source	MOCK	AUTH,SRCONLY	n	SCN-1132 redeem input bounded retention and wire edges over actual book and host defs	fixture stubs fnn-make-octets/fnn-core and redefines ACL2 primitives (fixture lines 19-45); :13 marker only	Never run on hbox.	1	NEVER			
test_native_redeem_send_boundary	MOCK	ARU,AUTH,SRCONLY	n	Real redeem adapter with injected partial/complete password send outcomes classified uncertain	native_redeem_send_raw-mock.lisp:57-75 injected send/recv; :86-88 code/outcome mismatch errors; py :14 PASS string	never on hbox; passes locally; cwd-dependent script path	1	NEVER			
test_native_replay_determinism	REAL	CKPT,IDN	y	Mixed-workload store: digest equal across processes/copies, checkpoint bytes identical, served view identical, genesis teeth	:298-299 digests equal; :326-329 checkpoint files byte-identical; :418-423 extra record changes digests; :469-481 damaged/swapped genesis refused	workload steps run expected=None (:194-213) and are only printed (:303): passes even if every mixed op was refused	7	10-01 01:27	6462bd687	OK	smoke:FAILED(1f 0e 7r 0s)
test_native_resilience_cuts	REAL	DUR,ARU,IDEM	y	post/recovery/served/checkpoint cut campaigns judged by the whole-history checker; cross-route retry refused as conflict	:98-108 verdict kind/green/fired faults/journal digest; :258 'a different article ...' reply; :274 disabled hook fails	Runtime class exists only with FN_NATIVE_CRASH_HOST (:84). Harness failures with *-unavailable causes become 'pending by name' skips (:92-97).	17	10-01 01:27	6462bd687	OK	
test_native_retire_observation_source	MOCK	OPS,SRCONLY	n	Real retire operator loop with clock/scheduling/owner/stat observations supplied; expiry timings	py :23-26 exact elapsed=60/60/70 lines; lisp header: observations 'supplied explicitly'	passed hbox 10-04; passes locally	1	10-04 12:40	fe7ef2807	OK	run2:OK(1r 0s)
test_native_sasl	REAL	AUTH	y	AUTHINFO SASL PLAIN, SCRAM-SHA-256 and -PLUS (tls-exporter) against the image; wrong password, replay and binding refused	:165-176 a replayed SCRAM final gets 481 under a fresh server nonce; :189-192 a wrong channel binding gets 481	The PLUS case skips if s_client lacks -keymatexport	7	10-01 01:27	6462bd687	OK	
test_native_scalar_mv	MOCK	ARU,SRCONLY	n	fnn-core-mv bridge keeps multiple values incl :uncertain, faults on escape/exception, over actual io.lisp forms	:28-34 stub fnn-fault/getpropc; :60-62 :uncertain values kept; :76 marker	Never run on hbox.	1	NEVER			
test_native_served_cost	SRC	SRCONLY	n	static wiring: read path calls span-no-io, span fold reads by index, fast predicate scalar scope	:34-65 assertIn on defun text; :105 counts 12 selector applications	Name implies cost; docstring :3 'not timing evidence'. Notes refinement owed (:52-57).	4	09-28 16:25	152da1f35	OK	
test_native_served_crash_model	REAL	DUR	y	Served owner killed at each POST_LOG and recovery-barrier cut; operator recover keeps old-or-new history	:74-82 rc -9, history per POST_LOG_ONE_CANDIDATE, prior bytes exact, candidate presence == history growth; :111 recovery cut keeps history	no class without FN_NATIVE_CRASH_HOST; last hbox 09-27	2	09-27 19:57	18a7137a3	OK	
test_native_served_differential	REAL	RDR	y	diagnostic reader socket reply bytes equal in-image fn-served-run model across cuts, UTF-8 split, OVER cursor	:101 served == model bytes; :110-111 exact 211/223 lines; :136-138 224 count	Both sides from one image. Socket is developer `--fn reader`, not owner run, though :76 says 'production native listener'.	9	10-01 01:27	6462bd687	OK	smoke:OK(9r 0s)
test_native_served_line_stack	REAL	BND,RDR,DUR	y	2M-line and 4 MiB-line articles POSTed and served at 1 MiB control stack on both images, byte-identical across restarts	:98-99 exact dot-stuffing and posted-body suffix; :136-137,:145 replies byte-identical after reopen	Last hbox run 09-27	2	09-27 18:08	?	OK	
test_native_shared_owner_bench	SRC	SRCONLY	n	Pure-Python bench helper: article size and percentile/median arithmetic	:12 len(first)==1202 is a magic size; :18-19 percentile 19 and p50 10.5	No fn code exercised. Python unit test of a bench tool	2	NEVER			
test_native_slow_disk	REAL	LAT,ARU,BND	y	Stalled barrier/pread/full disk: reads flat, POSTs 440/441 try-later, uncertain at H, graceful stop drains, peers 436	:547-554 exact 441/440 try-later; :668-688 uncertain at H then STAT 223/223/430; :923-929 full-disk regexes; :1294-1296 436/431	2 SRC tests (pass locally); :1145 past-deadline stop accepts 223 or 430; hbox 10-04 FAILED 2f/3e	13	10-04 14:29	d5b0b9100	FAILED	core:FAILED(2f 3e 13r 0s)
test_native_snapshot_bless	REAL	CKPT,ARU,OPS	y	bless-snapshot of a stopped copy: incomplete/no-key/foreign-lineage refused by name; bad profile is FAULT	:52-53 snapshot-incomplete REFUSED; :99-103 FAULT not refused for bad config; :121-122 foreign-lineage refused	served check :77 only msgid in reply, not bytes; producer not exercised (docstring says so); last hbox FAILED	2	09-30 01:25	e739bc934	FAILED	
test_native_source_corpus	REAL	IDEM,DUR,RDR	y	Corpus through POST, retry, changed byte, operator post, signed routes, A->B transit, SIGKILL reopen; identity table	:379-380 exact ALREADY/DIFFERENT; :413-419 B bytes == A with Path splice, inspect equal; :416 reopen equal; :453-459 DUPLICATE/CONFLICT	docstring 'Opt-in' but only FN_NATIVE_HOST; needs OpenSSL ML-DSA-65 unguarded; :367 'no store reclaim verb' stale; hbox ran 1 of 3	3	10-04 04:09	32bf2a588	OK	run2:OK[NativeSourceCorpusTests.test_cancel_orders_pinned_reader_and_replay](1r 0s)
test_native_source_corpus_bp	OPTIN	BP,PEER,DUR	y	corpus carried A to dtn7 to B by BP; B's record is A's plus a Path splice; SIGKILL mid-receive; partition then heal	:274-276 skipped unless FN_DTN7_REPO is a built dtn7-rs; :609 b_record == spliced(a_record); :737-742 partition counts	REAL when enabled. Never executed on hbox (09-29 skipped). Request exit codes :728-729 are printed, not asserted	2	09-29 01:22	1922efe84	SKIPPED	
test_native_source_provenance	SRC	OPS,SRCONLY	n	provenance helper refuses changed launcher/manifest/inputs before a composed BP fixture	test_native_source_provenance.py:61-97 assertRaisesRegex per tampered input on temp files	tests test tooling with patched env; no image; never run	10	NEVER			
test_native_source_runner	SRC	OPS,SRCONLY	n	tools/native_source_runner bootstrap prefix ordering, input-change refusal, argv/env passthrough	test_native_source_runner.py:66,88 'input changed' refusal; :99-107 execve patched	tool unit test; no image; never run	12	NEVER			
test_native_source_world	SRC	OPS,SRCONLY	n	tools/native_source_world prefix generation: attachment order, local books, deferred defthms	test_native_source_world.py:38-41 text ordering of generated prefix	tool unit test; no image; never run	8	NEVER			
test_native_starttls	REAL	AUTH	y	STARTTLS: key mismatch refused before listen, TLS1.1 floor gives a fatal alert, SNI served the same cert, pipelined ClientHello and AUTHINFO 483 before TLS	:181-182 exit 1 with key-mismatch and no LISTENING; :234-239 no handshake record, alert 02 46; :271 identical DER for SNI/no-SNI	Strong byte-level checks	4	10-03 00:30	1cb0ec0e0	OK	smoke:OK(4r 0s)
test_native_state_checkpoint	REAL	CKPT,DUR,ARU	y	state checkpoint vs full replay equality, corrupt/arena/bound/identity refusals, every cut kill/EIO, readback flip	test_native_state_checkpoint.py:665-674 each cut opens old/new and same observation; :696-698 readback flip REFUSED, old digest kept	test 1 pins ~60 source substrings (:50-215); :499-500 notes expectation flipped from refusal (PKT-868)	17	10-04 14:29	d5b0b9100	OK	core:OK(17r 0s)
test_native_status_live_posts	REAL	LAT,BND,OPS	y	Live status after 60,000 POSTs over 8 connections stays within 2 s of baseline; health not uncertain	:129 all 60000 accepted; :146 articles grew by exactly POSTS; :149 t1-t0 < SLACK	Not opt-in, yet the default is 60k posts (12653 s on hbox). Last run FAILED	1	10-01 01:27	6462bd687	FAILED	
test_native_status_scale	OPTIN	OPS,BND	y	Owner over 100k/1M fixture: status, paged obligations (two concurrent), stop idle and in-flight within 120s	:156 status exit 0; :139 concurrent obligations equal; :89-90 stop exit 0 within STOP_SECONDS; :165 offline == live	FN_STATUS_SCALE_FIXTURES; docstring says status asserted inside deadline but seconds discarded (:155); health/RSS recorded only; last hbox FAILED	1	09-28 14:12	250daf218	FAILED	
test_native_storage_codec	REAL	DUR,ARU,OPS	n	config name mismatch/symlink fault; truncated/legacy config fault and kept; publication cut uncertain, recovery serves payload	:118 EXIT_UNCERTAIN; :123 inspect == payload bytes; :112 legacy bytes retained	Raw store verbs only, no served path. :23 is a source grep.	6	09-28 18:08	?	OK	
test_native_store_export	REAL	DUR,ARU,OPS	y	Export/import round trip byte-identical; damaged archives refused by name; kill at import/export cuts publishes nothing	:111 re-export tree == archive; :116 inspect equal per article; :205-207 damaged archive EXIT_REFUSED by name, no store	EIO cut :265 only 'not 0 and not -9' (uncertain/refused/fault undistinguished); :196 resealed-profile accepts any reason	4	09-28 19:26	abdc0db4c	OK	run2:OK(4r 0s)
test_native_store_lineage	REAL	CKPT,DUR	y	diverged restored copy's checkpoint refused foreign-lineage in both directions, with and without suffix	:87 'open refused reason=foreign-lineage'; :89 not uncertain; :91 own checkpoint reopens exact line	Refusal checked as rc != OK, not EXIT_REFUSED (:86). Last hbox 3/3 FAILED.	3	09-29 21:03	444fb9f41	FAILED	
test_native_store_mount_identity	REAL	OPS,DUR	y	filesystem identity checked at every open; a moved store is refused by name, then rebound; tmpfs durability policy refuses start	:109-112 exit 1 'store filesystem changed'; :195-196 corrupt record refused; :251-253 start refused by name	On hbox the move tests skip (same fs, :102-103): 2 skipped. Docstring :8-10 contradicts :92-93	10	09-29 05:40	6d47ca1de	OK	
test_native_tcpcl_acquisition	MOCK	BP,OPS	n	tcpcl listen/send cleanup: trace stream closed, spool and socket released once on each injected fault	native_tcpcl_acquisition_raw-mock.lisp:40-59 spool, socket, session and params are stubs; asserts :65-81	Never run on hbox	1	NEVER			
test_native_tls_handshake_budget	REAL	BND,AUTH,LAT	y	per-source TLS handshake budget, override list, in-flight slots with handshake deadline vs slow-loris	test_native_tls_handshake_budget.py:101-102 exactly 3 then 5 refusals; :148-149 wait between 1.2 and 10 s	timing windows are fixed constants; a 480 greeting counts as served (:84)	3	09-29 21:03	444fb9f41	OK	
test_native_tls_proxy	REAL	AUTH,BND,LAT	y	trusted proxy's PROXY v1/v2 charges the asserted source's budget; public client's header not parsed; malformed or silent header refused	:111 exact [T,T,T,F,F]; :153-154 dripped header closed between 1.5 and 3.5 s; :124 the claimed source never logged	Never run on hbox	4	NEVER			
test_native_tls_reload	REAL	AUTH,OPS	y	tls reload on running owner serves new cert, keeps open session; mismatch/dropped-name/expired refused by name	:147 new handshake DER == B; :149 old session answers; :157-160 key-mismatch REFUSED and B still served; :176 start refusal words	no-owner reload :187-190 only nonzero; runs on both images	4	09-28 21:38	?	OK	
test_native_tls_transport	REAL	AUTH	n	host/native/tls.lisp in bare SBCL with real OpenSSL: handshake-failure isolation, chain/hostname verification, session tickets	:117 exact roundtrip bytes; :186,:193 TLS-CLIENT-REFUSED; :214 tickets answered as no-data	Component test, no image. The wrong-chain case :187-189 checks exit 0 only (refusal implied by the fixture)	4	09-29 01:22	1922efe84	OK	
test_native_topic_local	OPTIN	OPS,AUTH,CKPT	y	topic install/anchor/report from signed fixtures; replayed-historical writes nothing; history stable across reopen and compaction	:116 committed history unchanged on replay; :192-194 status/retention stable across compaction	FN_RUN_TOPIC_LOCAL_E2E=1; REAL when enabled. Refusals exit 1 only. Last hbox SKIPPED 3/3.	3	09-29 21:03	444fb9f41	SKIPPED	
test_native_topic_metadata	OPTIN	AUTH	n	topic-inspect-carrier on hybrid-signed FN-Topic sources: candidate root, relay invariance, tamper gives unverified, duplicate/malformed unsupported	:92 relayed output equals the original byte-for-byte; :97-98 tampered exits 1 with topic=unverified	FN_RUN_TOPIC_METADATA_E2E. The base64 vectors (:17-22) are claimed ACL2 output with no derivation in the test. Never run	2	NEVER			
test_native_trace	REAL	LAT,MEM	n	trace macro span nesting, outcomes and allocation scopes from host trace.lisp in SBCL; tools/native_trace analysis	:27-38 parent/child span ids, nonlocal-exit/condition outcomes, sampling drops; :69-70 clock-only hook samples no allocation	Tests the instrumentation, not fn behaviour. Never run on hbox	4	NEVER			
test_native_two_host_protected_gate	MOCK	OPS	n	tools/native_two_host_protected_gate parses launchers: accepts frozen/legacy layouts, refuses traversal/injected commands	:61-62 ValueError for each bad script; :81-82 RuntimeError on /proc mismatch	Pure-Python tool unit test on literal strings; no image. Never run on hbox.	5	NEVER			
test_native_visibility_join	REAL	IDEM,ARU,DUR	y	lost POST reply (kill after durable commit) gives client exit 3; reconcile resend answers already-stored; auth change or rebind gives unresolved exit 4	:166-168 exit 3 'uncertain', owner -9; :208-216 already-stored, transactions and group unchanged; :351-361 rebind unresolved, never accepted under Q	No changed-bytes conflict case on the resend	3	09-29 01:22	1922efe84	OK	smoke:OK(3r 0s)
test_native_web	REAL	WEB,AUTH,BND	y	web face: health, stalled socket, out-of-order requests, redeem/post/remove flow, refusals, compressed article across restart, fuzz	test_native_web.py:138 exact /health; :215 B answered before A within 4 s; :274 ARTICLE bytes equal after restart	last hbox FAILED 10-04 (web/native-red3); fuzz accepts any 1xx-5xx or close (:452)	8	10-04 03:28	a6143d5f1	FAILED	run2:FAILED(0f 8e 15r 0s) smoke:FAILED(0f 8e 15r 0s)
test_native_web_terminal	MOCK	WEB,OPS	n	Web startup/connection finish/pipe-close receipts and drain state under injected close faults	native_web_terminal_raw-mock.lisp:5-22 derived stubs and :90 setf sb-posix:close. Python checks only "custody passed (9 paths)" (:14)	Never run	1	NEVER			
test_native_installed_start	REAL	OPS,DUR	y	a fresh init store started through packaging/fn's installed branch (heap probe figure); GROUP 211, POST 240, ARTICLE, clean stop; production and developer images	test_native_installed_start.py:52-74 the owner's --dynamic-space-size equals the probe's figure, 211/340/240, article served	decided-launch ruling 10-04; red on 6107ceb56: SCEN-INSTALLED-HEAP-NOT-HELD	1	10-04 19:53	abd783618	FAILED	
test_native_start_every_preset	REAL	OPS,MEM	y	the image launched bare decides its own heap: served run, store owner and BP node reach LISTENING at small, development and scale; 85% of the decided heap is refused at cold start	test_native_start_every_preset.py: the announcements per preset and node type; the refusal names `cold startup refused`						
test_native_peer_misbehaving	REAL	BND,PEER,LAT	y	a configured peer trickling inside IHAVE, resetting mid-TAKETHIS, sending garbage, never reading CHECK replies: reader and a good transfer still served	lane scenarios 433f12a7e; CHECK-238 guard 233a13775						
test_native_peer_hostile_feed	REAL	PEER,IDEM,ARU,BND	y	replies a stranger gives fn's feed (431 x4, stray 239, swallowed CHECK, silent and mute peers at 600 s, TAKETHIS desync) and offers that must not poison	lane read-peer's cases 1-7 (233a13775, 79066b7db, 4523f930d)	owned by peer-feed (04669a5c6)					
test_native_store_identity	WEAK	OPS	y	fn identity CONTROL before and after bootstrap: the identity line keeps its fixed fields, the state turns bootstrapped, an offline store prints no identity; usage line	:50-63 before/after field equality, state unbootstrapped -> bootstrapped history=; :68-69 offline refusal prints no fn-store-identity-v1 line; :74 usage	Row added by integrator-3 at the 2026-10-05 roll-up (ROLLUP-STORE-IDENTITY-NO-MODULES-ROW) so the e2e tier module is image-driving; quality WEAK pending scenarios-2 review	2				
