path	lines	last_commit	makefile	ci	tools	tests	docs	other	verdict	note
tools/__init__.py	0	2c2007ebc 2026-09-18	-	-	tools/cost_gate.py;tools/harness_check.py;tools/throughput_gate.py	tests/evidence/2026-09-18-bp-composition-assurance.json;tests/evidence/2026-09-18-bp-exchange.json;tests/evidence/2026-09-20-four-node-lab.json;+3	-	-	keep	
tools/acl2_cost.py	84	0a345cc0e 2026-09-27	-	-	tools/certify_books.py;tools/proof_cost.py	-	-	-	keep	
tools/acl2_slots.py	410	d487030f6 2026-09-29	Makefile	-	tools/acl2;tools/build_local_acl2.sh;tools/cert_alists.py;+11	tests/evidence/2026-09-20-four-node-lab.json;tests/evidence/2026-09-21-four-node-lab.json;tests/interop_cbor.py;+5	AGENTS.md;docs/proofs.md;planning/how-we-work.md	-	keep	
tools/acl2_toolchain.py	296	bf3945b0c 2026-09-21	-	-	tools/acl2_slots.py;tools/build_local_acl2.sh;tools/cert_cache_sync.py;+10	tests/test_farm.py	-	-	keep	
tools/alphabet_check.py	211	932678472 2026-10-02	Makefile	-	-	tests/test_alphabet_check.py	docs/resource-contract.md	-	keep	
tools/ascii_check.py	133	c775fed08 2026-09-26	Makefile	-	tools/ascii_debt.json	tests/test_ascii_check.py	planning/reorg-dry-run.txt	-	keep	
tools/available_command_emit.py	187	c94e83f87 2026-10-03	-	-	tools/available_read_emit.py	-	-	books/served-available-commands.lisp;planning/proofs.json	keep	
tools/available_read_emit.py	113	6a5427e9e 2026-10-03	-	-	-	-	specs/nntp.md	books/served-available-read.lisp;planning/proofs.json	keep	
tools/blake3_ref.py	191	9aedcc3ab 2026-09-27	-	-	tools/build_compress_dict.py;tools/fixtures.py	tests/acl2/frame-trailer-tests.lisp;tests/acl2/identity-tests.lisp;tests/fixtures/topic-history/README.md;+3	planning/reorg-dry-run.txt;specs/failures.md;specs/host.md	-	keep	
tools/book_navigator.py	384	beeedbf1f 2026-09-30	-	-	-	tests/test_book_navigator.py	planning/handoff-2026-10-03/codex-liaison.md	-	keep	
tools/bpsec_registered_source_observation.py	68	3f8525b0f 2026-10-02	-	-	-	tests/scenarios/catalog.json;tests/test_commit_map.py	-	planning/requirements.json	keep	
tools/bpsec_source_observation.py	39	3f8525b0f 2026-10-02	-	-	tools/bpsec_registered_source_observation.py	tests/scenarios/catalog.json;tests/test_commit_map.py	-	planning/requirements.json	keep	
tools/build_compress_dict.py	167	b84c36dc6 2026-10-01	-	-	-	tests/fixtures/evidence/compress-dict/baseline-1.json	docs/extensions/nntp-compress-dict.md	books/payload-lz-dict-1.lisp;books/payload-lz-dicts.lisp;planning/proofs.json	keep	
tools/build_lists_check.py	426	4315dbeba 2026-10-03	Makefile	-	tools/host_check.py	tests/test_build_lists_check.py;tests/test_generated_scanners.py	planning/reorg-dry-run.txt;planning/repair/sources/inspection-sweep-2026-10-03.md	host/native/build-dtn.lisp;planning/repair/items/BM04.json;planning/repair/items/S141.json	keep	T4: retires with extraction
tools/callers.py	308	6c565f559 2026-10-01	-	-	tools/callgraph.py;tools/harness_check.py;tools/host_callers.py;+3	tests/test_callers.py;tests/test_generated_scanners.py	-	books/served-catalog.lisp	keep	
tools/callgraph.py	353	6c565f559 2026-10-01	-	-	tools/book_navigator.py;tools/check_steps.py;tools/depth_check.py;+6	tests/test_callgraph.py;tests/test_generated_scanners.py;tests/test_reach_check.py	.spw/audits/entries/tooling.md;planning/reorg-dry-run.txt	planning/reach-baseline.json	keep	
tools/cert_alists.py	127	bde3689ca 2026-09-25	-	-	tools/certs.py	-	-	-	keep	
tools/cert_cache_sync.py	248	41a54ede2 2026-10-01	-	-	tools/farm.py;tools/proof_repl.py;tools/runbooks/README.md	tests/test_cert_cache_sync.py;tests/test_farm.py	-	-	keep	
tools/cert_images.py	513	6c565f559 2026-10-01	-	-	tools/cert-images.json;tools/certify_books.py;tools/certs.py;+1	tests/test_cert_images.py	-	-	keep	
tools/certified_claims.py	285	1417f80a6 2026-10-03	Makefile	-	tools/certify_books.py;tools/current_view.py;tools/farm.py;+1	tests/test_evidence_fail_closed.py;tests/test_farm.py	docs/proofs.md;planning/decisions.md;planning/v0-audit-p1-p6.md;+1	planning/repair/items/NIGHT-SCOPED-GREEN.json	keep	
tools/certify_books.py	1682	9204f5646 2026-10-02	Makefile	-	tools/acl2;tools/acl2_slots.py;tools/book_navigator.py;+13	tests/README.md;tests/acl2/def-representation-tests.lisp;tests/evidence/2026-09-18-article-work.json;+26	books/README.md;docs/articles/fn-faq-10.txt;docs/implementation.md;+11	packaging/release-tarball.sh;planning/proofs.json	keep	
tools/certs.py	2293	14013beef 2026-10-03	Makefile	-	tools/build_native_host.sh;tools/cert_cache_sync.py;tools/certified_claims.py;+22	tests/README.md;tests/evidence/2026-09-20-four-node-lab.json;tests/evidence/2026-09-21-four-node-lab.json;+7	DEVHIST.md;docs/proof-style.md;docs/proofs.md;+2	packaging/release-tarball.sh;planning/repair/items/NIGHT-SCOPED-GREEN.json;planning/requirements.json	keep	
tools/chain_schedule.py	528	2ab811c8c 2026-10-01	-	-	tools/certify_books.py;tools/farm.py;tools/hbox_native.sh;+2	tests/test_chain_schedule.py;tests/test_evidence_fail_closed.py	docs/implementation.md	-	keep	
tools/changelog.py	291	650691d45 2026-09-28	-	-	tools/cut_release.sh;tools/release_sequence.py	tests/test_changelog.py	CHANGELOG.md;planning/decisions.md;planning/release-v6.6.0.md	-	keep	
tools/check_owner_capture_context.py	101	59df5ebbc 2026-10-03	-	-	-	tests/owner_capture_context_fixture.lisp	-	-	dead	no caller but its own fixture; compose lane confirms unused
tools/check_scaffold.py	430	2ab811c8c 2026-10-01	Makefile	-	tools/merge_registry.py	tests/evidence/2026-09-18-articles.json;tests/evidence/2026-09-18-assurance.json;tests/evidence/2026-09-18-bp-composition-assurance.json;+10	planning/ambition-2026-09-23.md;planning/python-diet-2026-09-28.md;specs/failures.md	books/assumptions-stored.lisp	keep	
tools/check_steps.py	718	b0e1250b6 2026-10-02	Makefile	-	tools/check_trace/sitecustomize.py;tools/remote_check.sh	tests/test_check_steps.py	planning/repair/sources/inspection-sweep-2026-10-03.md	planning/repair/items/S055.json	keep	
tools/check_trace/sitecustomize.py	161	4677283da 2026-09-28	-	-	tools/check_steps.py	-	-	-	keep	
tools/cite_check.py	518	22db5c8e3 2026-10-01	Makefile	-	tools/check_steps.py;tools/spec_cite_check.py	tests/README.md;tests/test_check_steps.py;tests/test_cite_check.py;+1	planning/reorg-dry-run.txt	planning/retired-paths.json	keep	
tools/clock_unit_check.py	248	890c5f4f5 2026-09-28	Makefile	-	tools/clock_unit_baseline.json	tests/test_clock_unit_check.py	planning/design-time-model-2026-09-27.md	books/clock-unit.lisp	keep	
tools/codec_golden.py	195	eacc54de2 2026-09-22	-	-	-	-	specs/encoding.md	-	keep	
tools/commit_map.py	76	92b258739 2026-10-02	-	-	tools/bpsec_registered_source_observation.py;tools/bpsec_source_observation.py;tools/current_view.py	tests/check_account_store_fields_park.py	-	planning/retired-paths.json	keep	
tools/cost_gate.py	825	f4c5d4e53 2026-10-02	-	-	tools/cost-probe.lisp	-	planning/handoff-2026-10-03/cost-gate.md;planning/repair/STATUS.md	planning/repair/items/cg-gate.json;planning/repair/items/cg-report.json;planning/repair/items/r71-F14.json;+1	keep	
tools/cost_obligations.py	316	d129d4187 2026-10-03	Makefile	-	-	tests/test_cost_obligations.py	planning/handoff-2026-10-03/def-entry.md	books/def-cost.lisp;planning/cost-baseline.json;planning/cost-contracts.json;+2	keep	
tools/coverage.py	1371	e5608c05c 2026-09-29	Makefile	-	tools/callers.py;tools/coverage_dump.lisp;tools/depth_check.py;+4	tests/test_coverage.py	AGENTS.md;planning/design/whole-system-correctness-astra-2026-10-03.md;planning/handoff-2026-10-03/codex-liaison.md;+3	books/definterface.lisp;planning/coverage-baseline.json;planning/coverage.json;+4	keep	
tools/crypto_host.py	87	1675d849c 2026-09-19	-	-	tools/roughtime.py	tests/evidence/2026-09-20-four-node-lab.json;tests/evidence/2026-09-21-four-node-lab.json	docs/architecture.md;planning/reorg-dry-run.txt;specs/anchor.md	books/anchor.lisp	keep	retires with roughtime
tools/current_view.py	446	3f8525b0f 2026-10-02	Makefile	-	tools/keystone_emit.py;tools/remote_check.sh	tests/test_current_view.py;tests/test_evidence_fail_closed.py;tests/test_remote_check.py	AGENTS.md;planning/audit-2026-09-25-rules.md;planning/current.md;+4	books/catalog-entries.lisp;planning/current-view.json	keep	
tools/deploy_gate.py	1439	59963f0fa 2026-09-28	-	-	tools/gate_reap.py;tools/inn_lab.py;tools/labs.py;+1	tests/README.md;tests/evidence/2026-09-20-four-node-lab.json;tests/evidence/2026-09-21-four-node-lab.json;+5	docs/interop-inn.md;docs/proofs.md;planning/python-diet-2026-09-28.md;+2	planning/repair/items/S058.json;planning/requirements.json	keep	kept on purpose (drives the native image; interop_nntplib)
tools/depth_check.py	1060	6c565f559 2026-10-01	Makefile	-	tools/depth_baseline.json;tools/lane_fetch.py;tools/raw_depth_baseline.json;+2	tests/test_depth_check.py	docs/resource-contract.md;planning/reorg-dry-run.txt;specs/native-admin.md	books/catalog-logic.lisp;books/native-admin-peer.lisp;books/native-admin-shape.lisp;+5	keep	
tools/docs_articles.py	192	9f2b733a0 2026-09-27	Makefile	.github/workflows/pages.yml	tools/post_docs.py	tests/test_post_docs.py	-	site/build_site.py	keep	
tools/docs_check.py	824	89fd70b84 2026-10-02	Makefile	-	tools/cut_release.sh;tools/docs_articles.py;tools/fn_consumer.py;+1	tests/acl2/docs-operator-grammar-tests.lisp;tests/test_docs_check.py	docs/articles/fn-faq-6.txt;planning/extrapolation-2026-09-27.md;planning/handoff-2026-10-03/def-command.md;+4	books/protocol-served-table.lisp;books/protocol-table.lisp;planning/proofs.json;+1	keep	
tools/event_emit.py	162	ed7823591 2026-09-28	Makefile	-	tools/alphabet_check.py	tests/test_event_emit.py	-	books/config.lisp;books/defevent.lisp;books/owner-time-journal.lisp;+2	keep	
tools/evidence_history.py	572	d5fb8b839 2026-10-02	-	-	tools/evidence_store.py	tests/test_evidence_fail_closed.py	-	planning/evidence-history-completeness.json	keep	
tools/evidence_ingest.py	194	b781299b2 2026-10-01	-	-	tools/evidence_store.py	tests/test_evidence_fail_closed.py	-	-	keep	
tools/evidence_manifests.py	696	1417f80a6 2026-10-03	Makefile	-	tools/certified_claims.py;tools/certify_books.py;tools/farm.py;+1	tests/README.md;tests/test_evidence_fail_closed.py;tests/test_evidence_manifests.py;+4	AGENTS.md;docs/proofs.md;planning/audit-2026-09-25-rules.md;+5	.gitignore;planning/repair/items/NIGHT-SCOPED-GREEN.json	keep	
tools/evidence_size_check.py	160	420c0d129 2026-10-02	Makefile	-	-	tests/test_evidence_size_check.py	planning/handoff-2026-10-03/codex-liaison.md	-	keep	
tools/evidence_store.py	1213	f1a4d773c 2026-10-03	-	-	tools/chain_schedule.py;tools/check_scaffold.py;tools/cite_check.py;+15	tests/mldsa65_interop.py;tests/test_evidence_fail_closed.py;tests/test_evidence_manifests.py;+3	AGENTS.md;CONTRIBUTING.md;planning/empirical-workloads.md;+1	.gitattributes;.gitignore;planning/evidence-index.tsv;+3	keep	
tools/extract/	5035	af42adcc4 2026-10-01	Makefile	-	tools/build_native_host.sh;tools/coverage.py;tools/coverage_dump.lisp;+15	tests/extract/stobj_table_path_drivers.py;tests/fixtures/evidence/extracted-callback-world-2026-09-30/metadata-driver.lisp;tests/fixtures/evidence/incoming-controller-extraction-2026-09-30/driver-fault.lisp;+21	coordinator_directive_from_gpt6.md;host/README.md;planning/current.md;+18	books/catalog-paged-attach.lisp;books/definterface.lisp;books/image-world-dtn.lisp;+18	keep	decision (D35, wave 3): chicken.py backend goes if the extracted build targets plain SBCL only
tools/f8_breakdown.py	251	95d03f7c0 2026-09-28	-	-	tools/scale_curve.py	tests/acl2/heap-breakdown-tests.lisp	docs/resource-contract.md	books/heap-breakdown.lisp;planning/proofs.json;planning/retired-paths.json	keep	
tools/farm.py	2079	45e05c7fd 2026-10-02	Makefile	-	tools/acl2_slots.py;tools/boxes.sh;tools/build_local_acl2.sh;+19	tests/README.md;tests/evidence/2026-09-20-four-node-lab.json;tests/evidence/2026-09-20-substrate-s1.md;+9	CHANGELOG.md;CONTRIBUTING.md;DEVHIST.md;+25	planning/proofs.json;planning/repair/items/X07.json	keep	
tools/fitness.py	1726	52715c512 2026-09-29	-	-	tools/reader_clients_phase.py	tests/test_native_fitness.py	planning/reorg-dry-run.txt	planning/proofs.json	keep	
tools/fixture_scripts/	891	50d9e9373 2026-10-01	-	-	tools/fixtures.py	tests/scenarios/catalog.json;tests/scenarios/scripts/served-path-scale-2026-09-26/continuation/greet.py;tests/scenarios/scripts/served-path-scale-2026-09-26/fixture_open.py;+1	-	-	keep	
tools/fixtures.py	847	50d9e9373 2026-10-01	-	-	tools/cut_release.sh;tools/f8_breakdown.py;tools/fixture_scripts/over-number-index-2026-09-26/measure.py;+7	tests/friends_tarball.sh;tests/test_fixture_init_refusal.py;tests/test_fixtures_static.py;+5	docs/operator-internals.md;planning/empirical-workloads.md;planning/handoff-2026-10-03/def-entry.md;+3	host/native/io.lisp	keep	
tools/fixtures/damaged_checkpoint.py	105	38a3fc4e1 2026-10-01	-	-	tools/cut_release.sh;tools/f8_breakdown.py;tools/fixture_scripts/over-number-index-2026-09-26/measure.py;+6	tests/friends_tarball.sh;tests/test_fixture_init_refusal.py;tests/test_fixtures_static.py;+5	docs/operator-internals.md;planning/empirical-workloads.md;planning/handoff-2026-10-03/def-entry.md;+3	host/native/io.lisp	keep	
tools/fn_agent.py	265	3a1c99bad 2026-09-27	-	-	tools/launcher_exit_check.py	tests/test_fn_agent.py;tests/test_native_agent_wait.py	docs/agents.md;docs/articles/fn-faq-8.txt;docs/client-internals.md;+1	books/consumer-wait-codec.lisp;planning/proofs.json;planning/requirements.json	keep	T3: moves to Mini/DREGG with fn_consumer
tools/fn_client.py	921	d38d91283 2026-09-29	-	-	tools/docs_check.py;tools/fn_agent.py;tools/nntp_session.py;+1	tests/evidence/2026-09-23-human-web-client.md;tests/fake_node.py;tests/fixtures/evidence/compress-dict/baseline-1.bin;+6	docs/agents.md;docs/articles/fn-faq-8.txt;docs/client-internals.md;+14	books/outcome-class.lisp;packaging/fn-client-launcher;planning/requirements.json	keep	
tools/fn_consumer.py	1223	665f58848 2026-10-03	-	-	tools/docs_check.py;tools/fn_verify.py;tools/fundamentals/mixed.py	tests/scenarios/catalog.json;tests/test_docs_check.py;tests/test_fn_consumer_delivery.py;+3	docs/agents.md;docs/client-internals.md;docs/operator.md;+4	books/consumer-artifact-retry.lisp;planning/evidence-index.tsv;planning/requirements.json	keep	T3: moves to Mini/DREGG with the remote-consumer decision (apps lane owns)
tools/fn_dev.py	160	ac6fdf127 2026-10-03	-	-	-	tests/dev_file_refusal_native.py;tests/dev_repl_native.py;tests/test_dev_repl.py	CONTRIBUTING.md;docs/operator.md	-	keep	
tools/fn_verify.py	886	1f18a4d9b 2026-09-26	Makefile	-	tools/fn_consumer.py	tests/mldsa65_interop.py;tests/scenarios/catalog.json;tests/test_fn_verify.py;+5	docs/agents.md;docs/client-internals.md;docs/nodes/hbox.md;+13	packaging/fn-client-launcher;planning/current-view.json;planning/evidence-index.tsv;+2	keep	
tools/frame_literal.py	217	7d265d71b 2026-09-27	-	-	-	tests/test_frame_literal.py	planning/reorg-dry-run.txt	-	keep	
tools/fundamentals.py	835	59fcead3f 2026-09-28	-	-	tools/f8_breakdown.py;tools/fundamentals/f2_lookups.py;tools/fundamentals/heap-entry.lisp;+4	tests/test_fundamentals.py	planning/extrapolation-2026-09-27.md;planning/now.md;planning/python-diet-2026-09-28.md;+2	planning/retired-paths.json	keep	
tools/fundamentals/	1066	a9f2fc86c 2026-09-29	-	-	tools/f8_breakdown.py;tools/fundamentals.py;tools/hbox_native.sh;+1	tests/test_fundamentals.py	planning/extrapolation-2026-09-27.md;planning/now.md;planning/python-diet-2026-09-28.md;+2	planning/retired-paths.json	keep	
tools/gate_reap.py	367	7167a7eea 2026-09-20	-	-	-	tests/README.md;tests/test_gate_reap.py	docs/proofs.md	-	keep	
tools/green_check.py	698	1417f80a6 2026-10-03	Makefile	-	tools/certified_claims.py;tools/current_view.py;tools/cut_release.sh;+5	tests/test_evidence_fail_closed.py;tests/test_green_check.py	docs/operator-internals.md;docs/proofs.md;docs/resource-contract.md;+11	packaging/release-tarball.sh;planning/repair/items/NIGHT-SCOPED-GREEN.json;planning/repair/items/S009.json;+3	keep	
tools/harness_check.py	1995	76acfb91e 2026-10-03	Makefile	-	tools/interface_emit.py	tests/README.md;tests/native_actor_envelope_raw.lisp;tests/native_await_lifetime_raw.lisp;+30	planning/design/whole-system-correctness-2026-10-03.md;planning/handoff-2026-10-03/def-entry.md;planning/reorg-dry-run.txt;+1	host/interfaces.lisp;host/native/owner.lisp;planning/proofs.json;+5	keep	absorbs host_defun_check; its acl2-arity half is T4
tools/hint_names_check.py	581	275220ed6 2026-10-01	-	-	-	tests/test_hint_names_check.py	planning/handoff-2026-10-03/codex-liaison.md	-	keep	
tools/history_source_prefix.py	100	0f7735a60 2026-10-03	-	-	-	-	-	-	dead	no caller or doc; compose lane confirms unused
tools/holder_check.py	249	aac4c47b0 2026-10-02	Makefile	-	-	tests/test_holder_check.py	planning/handoff-2026-10-03/def-holder.md	books/def-holder.lisp;books/handle-holds.lisp;books/page-read-direct.lisp;+3	keep	
tools/host_callers.py	314	6c565f559 2026-10-01	Makefile	-	tools/host_callers_baseline.json	tests/test_host_callers.py	-	host/native-auth-admin-host.lisp;host/native-config-host.lisp;host/native/io.lisp;+1	keep	
tools/host_check.py	1826	71910b6c5 2026-10-02	Makefile	-	tools/build_lists_check.py;tools/certify_books.py;tools/harness_check.py;+5	tests/README.md;tests/evidence/2026-09-21-four-node-lab.json;tests/evidence/2026-09-21-native-anchor-wire.md;+9	.spw/audits/entries/findings.md;CONTRIBUTING.md;docs/proofs.md;+3	host/native/operator-live.lisp;host/native/operator.lisp	keep	
tools/host_convert_check.py	107	2e8b65d45 2026-09-29	Makefile	-	tools/host_check.py	tests/test_host_convert_check.py	-	-	keep	
tools/host_defun_check.py	127	76f611047 2026-10-02	Makefile	-	-	tests/test_host_defun_check.py	-	-	merge-into harness_check	the duplicate-defun lint asks the same question of the same raw host files; defstruct accessors moved there
tools/host_loaded_check.py	76	0da9b5753 2026-10-02	Makefile	-	tools/owner_globals_check.py;tools/reach_check.py	tests/test_host_loaded_check.py	host/README.md;planning/design/tcb-shrink-2026-10-03.md;planning/handoff-2026-10-03/tcb-shrink-review-1.md	planning/host-parked.json	keep	
tools/host_macro_order_check.py	117	753c08291 2026-09-27	Makefile	-	-	tests/test_host_macro_order_check.py	-	-	keep	T4: retires with extraction
tools/host_shape_check.py	544	6c565f559 2026-10-01	Makefile	-	-	tests/README.md;tests/test_host_shape_check.py	planning/handoff-2026-09-25-fable-mandate.md	-	keep	T4: retires with definterface :operation + extraction
tools/host_translate_check.py	164	8ad326b6b 2026-09-28	Makefile	-	tools/hbox_native.sh;tools/host_check.py	tests/test_hbox_native.py	-	-	keep	
tools/hostile_campaign.py	1514	2be465935 2026-09-27	-	-	tools/cut_release.sh	tests/scenarios/catalog.json	planning/release-v6.6.0.md	-	keep	release pipeline (cut_release.sh)
tools/hot_path_check.py	1306	6c565f559 2026-10-01	Makefile	-	tools/hot_path_dimensions.json;tools/remote_check.sh	tests/test_generated_scanners.py;tests/test_hot_path_check.py;tests/test_remote_check.py	CHANGELOG.md;docs/proof-style.md;docs/resource-contract.md;+1	planning/hot-path-findings.json	keep	
tools/image_anatomy/	298	668e9a14a 2026-09-26	-	-	-	-	-	-	keep	image measurement kit beside tools/runtime_floor (trace.lisp is built by derive.sh); named in tools/runbooks/README.md
tools/image_set.py	436	7383baab6 2026-10-02	-	-	tools/build_native_host.sh;tools/hbox_native.sh	tests/test_build_native_host.py;tests/test_hbox_native.py;tests/test_image_set.py	planning/repair/sources/inspection-sweep-2026-10-03.md	planning/repair/items/S057.json;planning/repair/items/S063.json	keep	
tools/inn_lab.py	2961	eb4b70487 2026-09-30	-	-	tools/labs.py;tools/resilience/adapters/inn_lab.py;tools/resilience/contract.py;+1	tests/README.md;tests/evidence/2026-09-21-four-node-lab.json;tests/inn_lab_fake/bin/_fakeinn.py;+7	docs/interop-inn.md;docs/proofs.md;planning/python-diet-2026-09-28.md;+5	planning/requirements.json;planning/v0-matrix.json	keep	kept on purpose (python-diet-2 guardrails: INN interop lab)
tools/interface_emit.py	779	a93b76257 2026-10-03	Makefile	-	tools/book_navigator.py;tools/extract/build.sh;tools/extract/roots.sh;+6	tests/test_generated_scanners.py;tests/test_hbox_native.py;tests/test_host_check_load.py;+2	planning/decisions.md;planning/design/branch-archaeology-2026-10-03.md;planning/design/whole-system-correctness-astra-2026-10-03.md;+5	books/def-carried.lisp;books/definterface.lisp;books/owner-retain-carried.lisp;+5	keep	
tools/interface_kinds.py	322	6c565f559 2026-10-01	-	-	tools/interface_emit.py	tests/test_interface_kinds.py	-	-	keep	
tools/keystone_emit.py	576	feb2808a8 2026-10-02	Makefile	-	tools/ledger.py;tools/reach_check.py;tools/teeth_check.py	tests/acl2/defkeystone-tests.lisp;tests/test_reach_check.py	docs/proof-style.md;planning/handoff-2026-10-03/generators-2.md;planning/reorg-dry-run.txt;+1	books/defkeystone.lisp;planning/repair/items/S126.json;planning/teeth-base.json;+1	keep	
tools/labs.py	422	59963f0fa 2026-09-28	Makefile	-	-	tests/README.md;tests/evidence/2026-09-21-ltp-lab.md	planning/python-diet-2026-09-28.md;planning/v0-audit-p10-p11.md	-	keep	
tools/lane_fetch.py	288	57c42953f 2026-09-29	-	-	-	tests/test_lane_fetch.py	-	-	dead	no caller or doc but its own test
tools/launcher_exit_check.py	350	9f81b2a94 2026-09-27	Makefile	-	-	tests/test_launcher_exit_check.py	planning/reorg-dry-run.txt	-	keep	
tools/ledger.py	5142	dac9bcc7f 2026-10-03	Makefile	-	tools/acl2-builtins.txt;tools/alphabet_check.py;tools/book_navigator.py;+49	tests/README.md;tests/acl2/defkeystone-tests.lisp;tests/actor_interface_input.py;+13	AGENTS.md;DEVHIST.md;docs/implementation.md;+27	books/assumptions.lisp;books/defkeystone.lisp;books/provenance-codec.lisp;+7	keep	T4: the non-evaluating Lisp reader shrinks only with a world dump from the image; testing-setup owns
tools/list_codec_check.py	197	1776d0191 2026-10-02	Makefile	-	tools/list_codec_baseline.json	tests/test_list_codec_check.py	-	-	keep	
tools/lock_baseline_migrate.py	95	f24e2be0e 2026-10-03	-	-	-	tests/test_lock_discipline_check.py	-	planning/repair/items/NIGHT-LOCK-IDENTITY.json	keep	
tools/lock_discipline_check.py	2887	79a32dbf6 2026-10-03	Makefile	-	tools/lock_baseline_migrate.py;tools/lock_discipline_baseline.json;tools/lock_discipline_contracts.json	tests/test_lock_discipline_check.py	planning/design/tcb-shrink-2026-10-03.md;planning/design/whole-system-correctness-2026-10-03.md;planning/design/whole-system-correctness-astra-2026-10-03.md;+2	books/host-model-machine.lisp;host/native/owner.lisp;planning/repair/items/BM05.json;+2	keep	
tools/main_last_check.py	99	5031553a0 2026-09-29	Makefile	-	-	tests/test_main_last_check.py	-	-	keep	
tools/merge_registry.py	507	fcfbf5725 2026-09-29	Makefile	-	tools/check_scaffold.py;tools/next_id.py;tools/worktree_setup.sh	tests/test_merge_registry.py;tests/test_next_id.py	-	.gitattributes	keep	
tools/msgid_measure.py	248	8f5707f49 2026-09-28	-	-	tools/cost_gate.py;tools/fixture_scripts/over-number-index-2026-09-26/measure.py;tools/fixture_scripts/post-identity-index-2026-09-26/postmeasure.py;+11	tests/reclaim_lifecycle_native.py;tests/scenarios/scripts/served-path-scale-2026-09-26/fixture_open.py;tests/test_fixture_init_refusal.py	planning/design-2026-09-25-representation.md	-	keep	
tools/must_fail_check.py	178	559781c0b 2026-09-27	Makefile	-	tools/host_check.py;tools/host_defun_check.py	tests/acl2/must-fail-checked.lisp;tests/test_discipline_book_mode.py;tests/test_must_fail_check.py	planning/reorg-dry-run.txt;planning/repair/sources/check-lane-reds-355a5c843.md	-	keep	T4: retires with defkeystone beyond its pilot
tools/mux_measure.py	353	7657b3563 2026-09-27	-	-	tools/fundamentals.py;tools/fundamentals/rows.sh	-	-	planning/requirements.json	keep	
tools/native_cert_watch.py	81	8323f8507 2026-10-03	-	-	-	-	-	-	dead	no caller; 10-03 one-shot, bytes in the evidence archive
tools/native_env.py	672	52715c512 2026-09-29	Makefile	-	tools/farm.py;tools/fitness.py;tools/fixtures.py;+7	tests/native_harness.py;tests/test_hbox_native.py;tests/test_native_control_reply_fit.py;+7	docs/proofs.md;planning/python-diet-2026-09-28.md;planning/release-v6.6.0.md	planning/evidence-index.tsv	keep	
tools/native_matcher_probe.py	152	b3ba5e33a 2026-10-03	-	-	-	tests/test_native_heap_graph.py	-	-	keep	
tools/native_mixed_workload.py	484	c78a96e46 2026-10-03	-	-	tools/native_sparse_newnews.py	tests/scenarios/catalog.json;tests/test_native_mixed_history.py	planning/empirical-workloads.md	planning/evidence-index.tsv	keep	
tools/native_preflight.py	175	903823df9 2026-10-03	-	-	tools/hbox_native.sh	tests/test_hbox_native.py	-	-	keep	
tools/native_program_check.py	1071	6caf9a405 2026-10-02	Makefile	-	tools/farm.py;tools/holder_check.py	tests/README.md;tests/campaign/native_cuts.py;tests/test_native_crash_correspondence.py;+1	docs/proofs.md;planning/design-2026-09-26-consolidation.md;planning/design-resilience-framework-2026-09-29.md;+13	books/byte-store-k0-recovery.lisp;books/byte-store-k0.lisp;books/def-holder.lisp;+8	keep	
tools/native_source_cache.py	180	9344629de 2026-10-03	-	-	-	tests/native_source_checkpoint_probe.py;tests/test_native_source_runner.py	CONTRIBUTING.md	-	keep	
tools/native_source_check.py	183	b9cc91e34 2026-09-29	Makefile	-	-	tests/test_native_account_adoption_transport.py;tests/test_source_check_native.py	-	-	keep	
tools/native_source_host.py	173	43efc84ec 2026-10-03	-	-	-	tests/test_native_source_host.py	-	-	dead	no caller but its own test; compose lane confirms unused
tools/native_source_runner.py	233	a7dfa1611 2026-10-03	-	-	tools/native_source_cache.py	tests/test_native_source_runner.py	CONTRIBUTING.md	-	keep	
tools/native_source_world.py	315	6cc0a71e5 2026-10-03	-	-	-	tests/test_native_source_world.py	-	-	keep	compose lane gate (swarmplan Step B); named in tools/runbooks/README.md
tools/native_sparse_newnews.py	233	47e1a2cf6 2026-10-03	-	-	-	tests/scenarios/catalog.json	-	-	keep	
tools/native_trace.py	109	6f893eebb 2026-10-03	-	-	tools/native_matcher_probe.py	tests/test_native_trace.py	specs/host.md	-	keep	
tools/native_two_host_protected_gate.py	508	2be465935 2026-09-27	-	-	tools/runbooks/two-host-protected-gate.md	tests/test_native_two_host_protected_gate.py	-	-	keep	
tools/next_id.py	848	ed82c5cde 2026-10-01	-	-	tools/keystone_emit.py;tools/merge_registry.py;tools/resilience/admitted_page.py	tests/test_next_id.py	AGENTS.md;CONTRIBUTORS.md;planning/audit-2026-09-25-rules.md;+3	-	keep	
tools/nntp_session.py	120	3a1c99bad 2026-09-27	-	-	tools/fn_client.py;tools/node_probe.py;tools/post_docs.py	-	-	-	keep	
tools/nntp_wire_log.py	56	d91592e73 2026-09-25	-	-	tools/reader_clients_phase.py;tools/thunderbird_drive.py;tools/tin_drive.sh	-	-	-	keep	
tools/node_probe.py	274	ffcf7ac68 2026-09-22	-	-	tools/deploy_fresh.sh;tools/nntp_session.py;tools/runbooks/README.md	tests/fake_node.py;tests/fixtures/launcher-exit/fn-after-fb12148f8.sh;tests/fixtures/launcher-exit/fn-before-fb12148f8.sh;+2	docs/nodes/hbox.md;docs/operator-internals.md;planning/plan-2026-09-22-trajectory.md;+2	packaging/fn;packaging/fn-native;planning/proofs.json	keep	
tools/nontail_recursions.py	119	d920ada8f 2026-09-27	-	-	tools/depth_check.py	-	-	-	keep	
tools/null_witness_lint.py	232	13ec8d972 2026-09-29	Makefile	-	tools/null_witness_allow.json	tests/test_null_witness_lint.py	-	-	keep	
tools/operation_source_driver.py	118	66d419598 2026-09-30	-	-	-	tests/test_operation_source_driver.py	-	-	keep	its test is SCN-1076 evidence (tests/scenarios/catalog.json)
tools/outcome_codes.py	58	b91a84e87 2026-09-28	-	-	tools/deploy_gate.py;tools/resilience/adapters/native_cuts.py;tools/resilience/adapters/page_io.py;+3	tests/campaign/native_nntp_post_probe.py;tests/fuzz_nntp.py;tests/native_harness.py;+5	planning/python-diet-2026-09-28.md	-	keep	
tools/owner_carrier/	483	81c91f91f 2026-10-03	-	-	-	tests/owner_carrier_world.lisp;tests/test_owner_carrier_snapshot.py;tests/test_owner_carrier_thread.py	planning/handoff-2026-10-03/stage-5b.md	planning/repair/items/NIGHT-CARRIER-REPLAY.json	keep	carrier lane owns (wave-3 design call vs stage-5b-carrier)
tools/owner_globals_check.py	166	0da9b5753 2026-10-02	Makefile	-	-	tests/test_owner_globals_check.py	planning/design/tcb-shrink-2026-10-03.md;planning/design/whole-system-correctness-2026-10-03.md;planning/handoff-2026-10-03/def-entry.md;+1	-	keep	
tools/payload_kind_check.py	300	6c565f559 2026-10-01	Makefile	-	-	tests/test_payload_kind_check.py	planning/handoff-2026-10-03/def-holder.md;planning/reorg-dry-run.txt;specs/host.md	books/payload-kinds.lisp;books/stx-node-lace.lisp;planning/proofs.json;+2	keep	T4: retires with definterface :operation + extraction
tools/post_docs.py	221	9f2b733a0 2026-09-27	-	-	tools/docs_articles.py	tests/test_post_docs.py	-	site/build_site.py	keep	
tools/power_loss.py	1783	52715c512 2026-09-29	-	-	tools/cut_release.sh;tools/resilience/adapters/power_loss.py;tools/resilience/contract.py;+1	tests/README.md;tests/scenarios/catalog.json;tests/test_native_log.py;+1	planning/design-2026-09-27-storage-log.md;planning/design-resilience-framework-2026-09-29.md;planning/design/branch-archaeology-2026-10-03.md;+4	host/native/io.lisp;planning/proofs.json	keep	kept on purpose (python-diet-2 guardrails); cut_release.sh
tools/power_loss_openbsd.py	1297	0f51faf4f 2026-09-27	-	-	tools/cut_release.sh	tests/scenarios/catalog.json	planning/release-v6.6.0.md	-	keep	release pipeline (cut_release.sh)
tools/premise_audit.py	380	65410e9c5 2026-09-29	Makefile	-	tools/reach_check.py	tests/test_premise_audit.py	docs/resource-contract.md	books/payload-arena-paged.lisp;planning/premise-baseline.json	keep	
tools/process_supervisor.py	187	cafc1afc7 2026-09-21	-	-	tools/run_command.py	-	-	-	dead	imported only by run_command
tools/profile/	163	f32780229 2026-09-27	-	-	tools/current_view.py;tools/extract/bound_launch.py;tools/f8_breakdown.py;+13	tests/scenarios/catalog.json;tests/test_hbox_native.py	-	planning/proofs.json	keep	
tools/profile_limits.py	188	6b981d75a 2026-09-28	Makefile	-	tools/build_local_acl2.sh;tools/cut_release.sh	tests/test_native_image_floor.py;tests/test_profile_limits.py	-	books/profile-limits.lisp	keep	
tools/proof_artifacts.py	346	80f03634d 2026-09-29	-	-	tools/build_lists_check.py;tools/certs.py;tools/cut_release.sh;+3	tests/test_proof_artifacts.py	planning/plan-2026-09-22-trajectory.md;planning/reorg-dry-run.txt	packaging/release-tarball.sh;planning/retired-paths.json	keep	
tools/proof_cost.py	1072	8a5f5b281 2026-09-28	Makefile	-	tools/certify_books.py	tests/test_certify_runner.py	docs/proof-style.md;docs/proofs.md;planning/audit-2026-09-25-rules.md;+3	planning/proof-cost-baseline.json	keep	
tools/proof_profile.py	411	3aa8ce86d 2026-09-28	-	-	tools/rule_cost.py;tools/teeth_check.py	tests/README.md;tests/evidence/2026-09-21-four-node-lab.json;tests/test_proof_profile.py	docs/proof-style.md;planning/reorg-dry-run.txt;specs/crash-model-v2.md	books/bp-bundle-invariants.lisp;books/byte-store-scan.lisp;books/stx-index.lisp	keep	
tools/proof_repl.py	4397	015c6ff35 2026-10-03	-	-	tools/available_command_emit.py;tools/available_read_emit.py;tools/boxes.sh;+11	tests/test_dev_repl.py;tests/test_extract_callback_world.py;tests/test_generated_scanners.py;+11	AGENTS.md;CONTRIBUTING.md;docs/proofs.md;+16	planning/repair/items/NIGHT-SOURCE-PREFIX.json	keep	
tools/proof_repl_checkpoint.py	111	9660958fe 2026-10-03	-	-	-	-	-	-	dead	no caller or doc; compose lane confirms unused
tools/proof_sweep.py	163	22a8d46f4 2026-10-03	-	-	-	-	-	planning/repair/items/PROOF-SWEEP-20261003.json	keep	
tools/protocol_emit.py	437	5f2e48d5f 2026-10-02	-	-	tools/docs_check.py	tests/acl2/protocol-text-tests.lisp;tests/fuzz_nntp.py;tests/test_generated_scanners.py;+1	planning/handoff-2026-10-03/def-command.md;planning/reorg-dry-run.txt;specs/nntp.md	books/protocol-served-table.lisp;books/protocol-table.lisp;planning/proofs.json	keep	
tools/protocol_rows.py	187	6c565f559 2026-10-01	-	-	-	tests/test_generated_scanners.py;tests/test_protocol_rows.py	-	-	keep	
tools/py_inventory.py	338	08ef43034 2026-09-28	-	-	-	-	planning/python-diet-2026-09-28.md	-	superseded	by this inventory; the 09-27 one-shot needed a hand-made dump and no step ran it
tools/raw_depth_check.py	315	17ba62880 2026-09-28	Makefile	-	tools/raw_depth_baseline.json;tools/resource_contract.py	tests/test_raw_depth_check.py	docs/resource-contract.md	host/native/mux.lisp;planning/proofs.json	keep	
tools/raw_dispatch_rule.py	1265	a19eed480 2026-10-03	-	-	tools/interface_emit.py	tests/test_raw_dispatch_rule.py	planning/design/whole-system-correctness-astra-2026-10-03.md;planning/handoff-2026-10-03/codex-liaison.md	host/owner-served-carried.lisp;planning/repair/items/NIGHT-DIRECT-TEMPLATE.json	keep	raw-dispatch lane owns
tools/reach_check.py	1438	590d62508 2026-10-02	Makefile	-	tools/alphabet_check.py;tools/callgraph.py;tools/host_loaded_check.py;+3	tests/test_discipline_book_mode.py;tests/test_generated_scanners.py;tests/test_premise_audit.py;+1	DEVHIST.md;docs/resource-contract.md;planning/design/whole-system-correctness-2026-10-03.md;+7	planning/reach-baseline.json;planning/repair/items/S126.json	keep	T4 (defkeystone); testing-setup owns
tools/reader_clients/drive.py	688	b13526f5b 2026-09-27	-	-	tools/reader_clients_phase.py	tests/test_native_reader_clients.py	-	-	keep	
tools/reader_clients_phase.py	697	e744c08cf 2026-09-28	-	-	tools/fitness.py;tools/reader_clients/Dockerfile;tools/reader_clients/drive.py	tests/scenarios/catalog.json;tests/test_native_reader_clients.py	-	-	keep	
tools/registry_paths_report.py	153	1f1e91667 2026-10-02	-	-	-	-	-	-	superseded	by cite_check (reads every tracked .json for dangling repository paths); never a make-check step
tools/release_sequence.py	269	650691d45 2026-09-28	-	-	tools/changelog.py;tools/cut_release.sh	tests/test_cut_release.py;tests/test_native_friends_feed.py;tests/test_release_sequence.py;+1	docs/operator-internals.md;planning/decisions.md;planning/release-v6.6.0.md	host/native/io.lisp;packaging/release-tarball.sh;planning/release-sequence.json	keep	
tools/rep_measure.py	388	8f5707f49 2026-09-28	-	-	tools/fixture_scripts/over-number-index-2026-09-26/measure.py;tools/fixture_scripts/post-identity-index-2026-09-26/postmeasure.py;tools/fixtures.py;+9	tests/scenarios/catalog.json;tests/test_fixture_init_refusal.py	planning/design-2026-09-26-consolidation.md	planning/requirements.json	keep	
tools/repair_unittest.py	63	9d17e3356 2026-10-03	-	-	-	-	-	planning/repair/items/NIGHT-VERIFY.json;planning/repair/repair.py	keep	
tools/resilience/	7468	06810b2c8 2026-10-03	-	-	tools/native_mixed_workload.py;tools/native_sparse_newnews.py;tools/power_loss.py	tests/campaign/native_operator_campaign.py;tests/scenarios/catalog.json;tests/test_native_crash_model.py;+23	planning/design-resilience-framework-2026-09-29.md;planning/design/whole-system-correctness-2026-10-03.md;planning/design/whole-system-correctness-astra-2026-10-03.md;+3	planning/evidence-index.tsv	keep	decision (ember): the resilience framework is the largest single Python unit; live (26 test modules, scenario catalog)
tools/resource_contract.py	651	420c0d129 2026-10-02	Makefile	-	-	tests/test_resource_contract.py	docs/resource-contract.md;planning/release-v6.6.0.md	-	keep	
tools/retake_pins.py	239	450918c16 2026-09-29	-	-	-	tests/test_retake_pins.py	-	-	dead	no caller or doc but its own test
tools/roughtime.py	368	5fac9dd77 2026-09-20	-	-	-	tests/acl2/anchor-teeth-tests.lisp;tests/evidence/2026-09-20-four-node-lab.json;tests/evidence/2026-09-21-four-node-lab.json	docs/architecture.md;planning/decisions.md;planning/python-diet-2026-09-28.md;+2	books/anchor.lisp;planning/requirements.json	keep	retires with crypto_host when the image gets an anchor source
tools/rule_cost.py	578	d9f858839 2026-10-02	-	-	tools/tau_cost.py	tests/acl2/payload-arena-extent-tests.lisp;tests/test_rewrite_readers.py;tests/test_rule_cost.py	docs/proof-style.md;planning/reorg-dry-run.txt	books/article-fields.lisp;books/article-header-limits.lisp;books/article-invariants.lisp;+173	keep	
tools/rule_usage.py	724	6c565f559 2026-10-01	Makefile	-	-	tests/test_rule_usage.py	-	books/assumptions-durable.lisp	keep	
tools/run_command.py	65	5f025f060 2026-09-28	-	-	-	tests/evidence/2026-09-21-atomic-statement-accept.md;tests/evidence/2026-09-21-keyring-snapshot-core.md;tests/test_process_supervisor.py	-	-	dead	cited only by two 09-21 evidence transcripts
tools/run_simulator.py	256	49228addf 2026-09-29	Makefile	-	tools/resilience/adapters/response_holds.py;tools/resilience/adapters/simulator.py;tools/resilience/stateful.py	tests/README.md;tests/acl2/simulator.lisp;tests/evidence/2026-09-18-articles.json;+11	docs/implementation.md;docs/prefixes.md;host/README.md;+6	planning/retired-paths.json	keep	
tools/runbooks/two_store_join.py	1292	da85e89d5 2026-09-27	-	-	tools/hbox_native.sh	tests/test_hbox_native.py;tests/test_native_recovery.py	CONTRIBUTING.md;docs/engineering.md;docs/nodes/hbox.md;+6	books/store-mount-identity.lisp;host/native/io.lisp;planning/requirements.json;+1	keep	
tools/runpath_check.py	775	d38d91283 2026-09-29	Makefile	-	tools/cut_release.sh	tests/friends_tarball.sh;tests/scenarios/catalog.json;tests/test_release_tarball.py;+1	docs/operator-internals.md;packaging/clients-README.txt;planning/design-2026-09-26-consolidation.md;+2	host/native/crypto.lisp;packaging/floor-runtime.sh;packaging/fn-client-launcher;+3	keep	
tools/runtime_decoded_source_prefix.py	74	35d84d74b 2026-10-03	-	-	-	-	-	planning/proofs.json	keep	
tools/runtime_image/	621	59fcead3f 2026-09-28	-	-	tools/fundamentals/floor.py;tools/image_anatomy/ia_node.py	tests/test_native_image_differential.py	specs/host.md	host/native/strip-world.lisp;planning/requirements.json	keep	
tools/scale_curve.py	1249	52715c512 2026-09-29	-	-	tools/cost_gate.py;tools/f8_breakdown.py;tools/fixtures.py;+2	tests/README.md;tests/test_acl2_launchers.py;tests/test_fundamentals.py;+1	planning/empirical-workloads.md;planning/handoff-2026-10-03/def-entry.md;planning/how-we-work.md;+3	planning/retired-paths.json	keep	
tools/secrets_check.py	185	3106152fd 2026-09-27	Makefile	-	-	tests/test_secrets_check.py	-	-	keep	
tools/service_envelope.py	657	52715c512 2026-09-29	-	-	tools/fixtures.py;tools/fundamentals/gc_measure.py	tests/scenarios/catalog.json;tests/test_service_envelope.py	docs/operator-internals.md	-	keep	
tools/session_depth.py	600	6c565f559 2026-10-01	Makefile	-	tools/cite_check.py;tools/harness_check.py;tools/hot_path_check.py	tests/README.md;tests/acl2/served-tests.lisp;tests/evidence/2026-09-21-four-node-lab.json;+1	docs/proof-style.md;planning/reorg-dry-run.txt;planning/review-2026-09-26-gpt6-answers.md	books/nntp-auth.lisp;books/peer-inbound.lisp	keep	T4: retires with defprotocol (1 form today)
tools/shape_books.py	340	ac7264a77 2026-09-29	Makefile	-	tools/book_navigator.py;tools/chain_schedule.py;tools/rule_usage.py	tests/test_shape_books.py	docs/implementation.md;docs/proof-style.md;planning/architecture-recommendation-2026-09-28.md;+4	-	keep	
tools/signed_carriers.py	100	1f9a64cd5 2026-09-26	-	-	tools/service_envelope.py;tools/throughput_gate.py	-	-	-	keep	
tools/spec_cite_check.py	217	0cc03821a 2026-10-01	Makefile	-	tools/resource_contract.py;tools/spec_cite_exemptions.json	tests/test_spec_cite_check.py	planning/reorg-dry-run.txt	-	keep	
tools/spw_entry_inventory.py	81	7ba8081b9 2026-10-03	-	-	-	-	.spw/audits/entries/tooling.md	-	keep	
tools/synth_log_store.py	101	11ed13ed7 2026-09-28	-	-	tools/fixture_scripts/snapshot-open-3-2026-09-27/capseed.py;tools/fixtures.py;tools/scale_curve.py;+1	tests/test_native_over_window.py	planning/empirical-workloads.md;planning/python-diet-2026-09-28.md;planning/reorg-dry-run.txt	-	keep	T5: uses Acl2Session; image verb owed (python-diet-4 T5 brief)
tools/system_books.py	143	ac3801c0c 2026-09-29	Makefile	-	tools/build_local_acl2.sh	tests/test_system_books.py	-	-	keep	
tools/tau_cost.py	544	d9f858839 2026-10-02	-	-	-	tests/acl2/heap-reservation-tests.lisp;tests/test_rewrite_readers.py;tests/test_tau_cost.py	docs/proof-style.md	books/accounts.lisp;books/bp-channel-ingress.lisp;books/bp-native-app-fast.lisp;+110	keep	
tools/tcpcl_lab.py	645	b91a84e87 2026-09-28	-	-	tools/deploy_gate.py;tools/labs.py	tests/README.md;tests/evidence/2026-09-21-four-node-lab.json	docs/proofs.md;planning/milestones.md;planning/plan-2026-09-22-trajectory.md;+1	host/native/tcpcl.lisp;host/tcpcl-host.lisp;planning/retired-paths.json	keep	kept on purpose (python-diet-2 guardrails)
tools/teeth_check.py	1748	488701768 2026-10-02	Makefile	-	tools/cite_check.py;tools/ledger.py	tests/README.md;tests/acl2/byte-store-scan-tests.lisp;tests/acl2/nntp-auth-teeth-tests.lisp;+5	docs/proof-style.md;planning/handoff-2026-10-03/generators-2.md;planning/reorg-dry-run.txt;+1	books/defkeystone.lisp;books/owner-config.lisp;planning/proofs.json	keep	T4: retires with defkeystone beyond its 2-form pilot
tools/test_budget.py	367	28c910654 2026-09-29	Makefile	-	tools/fundamentals.py;tools/fundamentals/rows.sh;tools/hbox_native.sh;+2	tests/native_harness.py;tests/test_hbox_native.py;tests/test_test_budget.py	docs/proofs.md;planning/handoff-2026-09-25-fable-mandate.md	planning/evidence-index.tsv	keep	
tools/test_roots_check.py	119	aaa7b6b0e 2026-10-02	Makefile	-	-	tests/test_test_roots_check.py	-	-	keep	
tools/theory_check.py	440	6c565f559 2026-10-01	Makefile	-	tools/codec_golden.py;tools/proof_repl.py	tests/test_theory_check.py	docs/proofs.md;planning/design/whole-system-correctness-astra-2026-10-03.md;planning/plan-2026-09-22-trajectory.md;+2	books/records.lisp	keep	
tools/throughput_gate.py	832	50d9e9373 2026-10-01	Makefile	-	tools/cost_gate.py;tools/cut_release.sh;tools/resource_contract.py;+1	tests/acl2/heap-reservation-tests.lisp;tests/test_native_bounds_join.py;tests/test_throughput_gate.py	CHANGELOG.md;docs/resource-contract.md;planning/handoff-2026-10-03/def-entry.md;+2	planning/throughput-baseline.json;planning/throughput-causes.json	keep	
tools/thunderbird_drive.py	449	09a8c0eae 2026-09-26	-	-	tools/reader_clients_phase.py	-	-	-	keep	
tools/tls_check.py	295	6c565f559 2026-10-01	Makefile	-	tools/build_native_host.sh;tools/extract/world.py	tests/test_tls_check.py	docs/resource-contract.md;specs/host.md	-	keep	
tools/triage.py	867	993e118b2 2026-09-28	-	-	tools/certify_books.py;tools/farm.py;tools/runbooks/README.md	tests/test_triage.py	docs/proofs.md;planning/audit-2026-09-25-rules.md;planning/reorg-dry-run.txt;+3	-	keep	
tools/wire_stream.py	42	2be465935 2026-09-27	-	-	tools/hostile_campaign.py;tools/msgid_measure.py;tools/mux_measure.py;+5	tests/test_fn_e1e2_two_store_owner.py;tests/test_fn_verify.py;tests/test_native_feed_temporary.py;+6	-	-	keep	
tools/witness_check.py	95	0006270d1 2026-09-29	Makefile	-	-	tests/test_native_raw_scripts.py;tests/test_witness_check.py	planning/release-v6.6.0.md	planning/repair/items/CL08.json;planning/repair/items/CL09.json	keep	
